{"stats":{"minecraft:crafted":{"minecraft:oak_planks":96,"minecraft:crafting_table":2,"minecraft:stick":68,"minecraft:wooden_pickaxe":1,"minecraft:stone_pickaxe":1,"minecraft:wooden_axe":2,"minecraft:torch":130},"minecraft:picked_up":{"minecraft:wooden_axe":1,"minecraft:birch_log":7,"minecraft:charcoal":2,"minecraft:crafting_table":1,"minecraft:stick":34,"minecraft:iron_chestplate":2,"minecraft:cooked_beef":13,"minecraft:glow_ink_sac":3,"minecraft:torch":146,"minecraft:wooden_pickaxe":1,"minecraft:stripped_cherry_log":2,"minecraft:oak_log":25,"minecraft:cherry_log":52,"minecraft:dirt":2,"minecraft:wheat_seeds":1,"minecraft:iron_ingot":47,"minecraft:stone_pickaxe":1,"minecraft:cherry_sapling":2,"minecraft:oak_sapling":5,"minecraft:coal":33,"minecraft:raw_iron":4,"minecraft:cobblestone":13,"minecraft:stripped_oak_log":1},"minecraft:custom":{"minecraft:time_since_rest":34853,"minecraft:sprint_one_cm":4621,"minecraft:damage_taken":503,"minecraft:walk_one_cm":162122,"minecraft:drop":1,"minecraft:damage_dealt":67,"minecraft:swim_one_cm":32723,"minecraft:interact_with_crafting_table":8,"minecraft:fly_one_cm":2284,"minecraft:crouch_one_cm":95,"minecraft:play_time":48726,"minecraft:deaths":1,"minecraft:sneak_time":267,"minecraft:walk_under_water_one_cm":8642,"minecraft:boat_one_cm":166014,"minecraft:jump":462,"minecraft:walk_on_water_one_cm":23194,"minecraft:time_since_death":34579,"minecraft:total_world_time":48726,"minecraft:fall_one_cm":4829},"minecraft:mined":{"minecraft:iron_ore":4,"minecraft:birch_log":7,"minecraft:cherry_log":54,"minecraft:stripped_cherry_log":2,"minecraft:torch":5,"minecraft:crafting_table":1,"minecraft:short_grass":1,"minecraft:grass_block":2,"minecraft:oak_log":14,"minecraft:coal_ore":33,"minecraft:cherry_leaves":10,"minecraft:stripped_oak_log":1,"minecraft:cobblestone":3,"minecraft:stone":9,"minecraft:oak_leaves":2,"minecraft:pink_petals":1},"minecraft:broken":{"minecraft:wooden_axe":1},"minecraft:used":{"minecraft:wooden_axe":96,"minecraft:stone_pickaxe":14,"minecraft:wooden_pickaxe":37,"minecraft:torch":6,"minecraft:cobblestone":4,"minecraft:crafting_table":2,"minecraft:stripped_oak_log":1,"minecraft:cooked_beef":3,"minecraft:oak_log":1},"minecraft:dropped":{"minecraft:iron_ingot":1}},"DataVersion":3953}