{"stats":{"minecraft:crafted":{"minecraft:oak_planks":96,"minecraft:crafting_table":2,"minecraft:stick":68,"minecraft:wooden_pickaxe":1,"minecraft:stone_pickaxe":1,"minecraft:wooden_axe":4,"minecraft:torch":130},"minecraft:picked_up":{"minecraft:wooden_axe":1,"minecraft:birch_log":7,"minecraft:charcoal":2,"minecraft:crafting_table":1,"minecraft:stick":45,"minecraft:iron_chestplate":2,"minecraft:cooked_beef":13,"minecraft:glow_ink_sac":3,"minecraft:torch":146,"minecraft:wooden_pickaxe":1,"minecraft:stripped_cherry_log":4,"minecraft:oak_log":25,"minecraft:cherry_log":77,"minecraft:white_bed":1,"minecraft:dirt":4,"minecraft:wheat_seeds":1,"minecraft:iron_ingot":47,"minecraft:stone_pickaxe":1,"minecraft:cherry_sapling":22,"minecraft:oak_sapling":5,"minecraft:coal":33,"minecraft:raw_iron":4,"minecraft:cobblestone":13,"minecraft:stripped_oak_log":1},"minecraft:custom":{"minecraft:time_since_rest":5080,"minecraft:sprint_one_cm":4621,"minecraft:damage_taken":503,"minecraft:walk_one_cm":187436,"minecraft:drop":1,"minecraft:damage_dealt":67,"minecraft:swim_one_cm":32723,"minecraft:interact_with_crafting_table":9,"minecraft:fly_one_cm":2363,"minecraft:open_chest":1,"minecraft:crouch_one_cm":295,"minecraft:play_time":60726,"minecraft:deaths":1,"minecraft:sneak_time":481,"minecraft:walk_under_water_one_cm":8642,"minecraft:boat_one_cm":166014,"minecraft:jump":542,"minecraft:walk_on_water_one_cm":23194,"minecraft:time_since_death":46579,"minecraft:sleep_in_bed":2,"minecraft:total_world_time":60726,"minecraft:fall_one_cm":5038},"minecraft:broken":{"minecraft:wooden_axe":2},"minecraft:mined":{"minecraft:white_bed":1,"minecraft:iron_ore":4,"minecraft:birch_log":7,"minecraft:cherry_log":80,"minecraft:stripped_cherry_log":5,"minecraft:torch":5,"minecraft:crafting_table":1,"minecraft:short_grass":1,"minecraft:grass_block":4,"minecraft:oak_log":14,"minecraft:coal_ore":33,"minecraft:cherry_leaves":11,"minecraft:stripped_oak_log":1,"minecraft:cobblestone":3,"minecraft:stone":9,"minecraft:oak_leaves":2,"minecraft:pink_petals":1},"minecraft:used":{"minecraft:wooden_axe":129,"minecraft:stone_pickaxe":14,"minecraft:oak_planks":1,"minecraft:wooden_pickaxe":37,"minecraft:torch":6,"minecraft:dirt":2,"minecraft:cobblestone":4,"minecraft:crafting_table":2,"minecraft:white_bed":1,"minecraft:stripped_oak_log":1,"minecraft:cooked_beef":3,"minecraft:oak_log":1},"minecraft:dropped":{"minecraft:iron_ingot":1}},"DataVersion":3953}