{"stats":{"minecraft:crafted":{"minecraft:oak_planks":96,"minecraft:crafting_table":2,"minecraft:wooden_pickaxe":1,"minecraft:bone_meal":12,"minecraft:stick":68,"minecraft:stone_pickaxe":1,"minecraft:wooden_axe":4,"minecraft:torch":130},"minecraft:picked_up":{"minecraft:wooden_axe":5,"minecraft:stripped_oak_log":1,"minecraft:birch_log":7,"minecraft:pink_petals":23,"minecraft:charcoal":2,"minecraft:iron_chestplate":4,"minecraft:crafting_table":1,"minecraft:cooked_beef":25,"minecraft:chicken":9,"minecraft:glow_ink_sac":9,"minecraft:golden_pickaxe":1,"minecraft:leather":9,"minecraft:golden_leggings":1,"minecraft:wooden_pickaxe":2,"minecraft:stripped_cherry_log":10,"minecraft:oak_log":25,"minecraft:dirt":7,"minecraft:bone":4,"minecraft:wheat_seeds":3,"minecraft:beef":4,"minecraft:iron_ingot":74,"minecraft:stone_pickaxe":4,"minecraft:oak_planks":44,"minecraft:iron_sword":1,"minecraft:furnace":1,"minecraft:stick":101,"minecraft:raw_iron":8,"minecraft:torch":322,"minecraft:cherry_log":328,"minecraft:white_bed":2,"minecraft:arrow":4,"minecraft:rotten_flesh":10,"minecraft:slime_ball":3,"minecraft:cherry_sapling":67,"minecraft:oak_sapling":5,"minecraft:coal":33,"minecraft:cobblestone":19},"minecraft:custom":{"minecraft:interact_with_crafting_table":10,"minecraft:time_since_death":21545,"minecraft:sleep_in_bed":5,"minecraft:time_since_rest":3409,"minecraft:sprint_one_cm":5062,"minecraft:damage_taken":894,"minecraft:walk_one_cm":262592,"minecraft:drop":14,"minecraft:damage_dealt":342,"minecraft:swim_one_cm":32723,"minecraft:fly_one_cm":2947,"minecraft:open_chest":2,"minecraft:crouch_one_cm":584,"minecraft:play_time":96726,"minecraft:deaths":2,"minecraft:sneak_time":1036,"minecraft:walk_under_water_one_cm":8642,"minecraft:boat_one_cm":166014,"minecraft:jump":721,"minecraft:walk_on_water_one_cm":23194,"minecraft:total_world_time":96726,"minecraft:fall_one_cm":5874},"minecraft:broken":{"minecraft:wooden_axe":5},"minecraft:mined":{"minecraft:white_bed":1,"minecraft:cherry_log":218,"minecraft:cherry_sapling":10,"minecraft:stripped_cherry_log":6,"minecraft:crafting_table":1,"minecraft:torch":5,"minecraft:short_grass":4,"minecraft:grass_block":6,"minecraft:cobblestone":3,"minecraft:pink_petals":3,"minecraft:birch_log":7,"minecraft:iron_ore":4,"minecraft:coal_ore":33,"minecraft:oak_log":14,"minecraft:cherry_leaves":24,"minecraft:stripped_oak_log":1,"minecraft:stone":9,"minecraft:oak_leaves":2},"minecraft:used":{"minecraft:cherry_sapling":3,"minecraft:stone_pickaxe":31,"minecraft:oak_planks":1,"minecraft:wooden_pickaxe":37,"minecraft:torch":6,"minecraft:dirt":2,"minecraft:crafting_table":2,"minecraft:white_bed":2,"minecraft:oak_log":1,"minecraft:wooden_axe":290,"minecraft:cobblestone":6,"minecraft:stripped_oak_log":1,"minecraft:cooked_beef":3,"minecraft:bone_meal":12},"minecraft:dropped":{"minecraft:iron_ingot":1,"minecraft:furnace":1,"minecraft:iron_sword":1,"minecraft:glow_ink_sac":9,"minecraft:golden_pickaxe":1,"minecraft:chicken":3,"minecraft:leather":9,"minecraft:charcoal":2,"minecraft:iron_chestplate":1,"minecraft:wooden_axe":1,"minecraft:golden_leggings":1,"minecraft:oak_sapling":2},"minecraft:killed_by":{"minecraft:zombie":1}},"DataVersion":3953}