{"stats":{"minecraft:mined":{"minecraft:birch_log":7,"minecraft:crafting_table":1,"minecraft:torch":1,"minecraft:coal_ore":33,"minecraft:oak_log":11,"minecraft:grass_block":2,"minecraft:stone":3},"minecraft:used":{"minecraft:wooden_axe":15,"minecraft:stone_pickaxe":1,"minecraft:wooden_pickaxe":37,"minecraft:torch":3,"minecraft:crafting_table":1},"minecraft:custom":{"minecraft:time_since_rest":8733,"minecraft:sprint_one_cm":4621,"minecraft:damage_taken":401,"minecraft:walk_one_cm":114736,"minecraft:drop":1,"minecraft:damage_dealt":67,"minecraft:swim_one_cm":32723,"minecraft:interact_with_crafting_table":7,"minecraft:fly_one_cm":2040,"minecraft:crouch_one_cm":57,"minecraft:play_time":22606,"minecraft:deaths":1,"minecraft:sneak_time":199,"minecraft:walk_under_water_one_cm":8455,"minecraft:jump":256,"minecraft:walk_on_water_one_cm":18049,"minecraft:time_since_death":8459,"minecraft:total_world_time":22606,"minecraft:fall_one_cm":3455},"minecraft:crafted":{"minecraft:oak_planks":44,"minecraft:crafting_table":1,"minecraft:stick":68,"minecraft:wooden_pickaxe":1,"minecraft:stone_pickaxe":1,"minecraft:wooden_axe":1,"minecraft:torch":130},"minecraft:dropped":{"minecraft:iron_ingot":1},"minecraft:picked_up":{"minecraft:wooden_axe":1,"minecraft:birch_log":7,"minecraft:stick":29,"minecraft:iron_chestplate":2,"minecraft:crafting_table":1,"minecraft:torch":129,"minecraft:wooden_pickaxe":1,"minecraft:oak_log":16,"minecraft:dirt":2,"minecraft:iron_ingot":47,"minecraft:oak_sapling":3,"minecraft:coal":33,"minecraft:cobblestone":3}},"DataVersion":3953}