{"stats":{"minecraft:crafted":{"minecraft:oak_planks":44,"minecraft:crafting_table":1,"minecraft:stick":68,"minecraft:wooden_pickaxe":1,"minecraft:stone_pickaxe":1,"minecraft:wooden_axe":1,"minecraft:torch":130},"minecraft:picked_up":{"minecraft:wooden_axe":1,"minecraft:birch_log":7,"minecraft:charcoal":2,"minecraft:crafting_table":1,"minecraft:stick":34,"minecraft:iron_chestplate":2,"minecraft:cooked_beef":13,"minecraft:torch":146,"minecraft:wooden_pickaxe":1,"minecraft:oak_log":25,"minecraft:dirt":2,"minecraft:iron_ingot":47,"minecraft:stone_pickaxe":1,"minecraft:oak_sapling":5,"minecraft:coal":33,"minecraft:cobblestone":3,"minecraft:stripped_oak_log":1},"minecraft:custom":{"minecraft:time_since_rest":22853,"minecraft:sprint_one_cm":4621,"minecraft:damage_taken":503,"minecraft:walk_one_cm":139510,"minecraft:drop":1,"minecraft:damage_dealt":67,"minecraft:swim_one_cm":32723,"minecraft:interact_with_crafting_table":7,"minecraft:fly_one_cm":2258,"minecraft:crouch_one_cm":57,"minecraft:play_time":36726,"minecraft:deaths":1,"minecraft:sneak_time":237,"minecraft:walk_under_water_one_cm":8642,"minecraft:boat_one_cm":166014,"minecraft:jump":368,"minecraft:walk_on_water_one_cm":23194,"minecraft:time_since_death":22579,"minecraft:total_world_time":36726,"minecraft:fall_one_cm":4560},"minecraft:mined":{"minecraft:iron_ore":1,"minecraft:birch_log":7,"minecraft:torch":5,"minecraft:crafting_table":1,"minecraft:grass_block":2,"minecraft:oak_log":14,"minecraft:coal_ore":33,"minecraft:stripped_oak_log":1,"minecraft:stone":5,"minecraft:oak_leaves":2},"minecraft:used":{"minecraft:wooden_axe":26,"minecraft:stone_pickaxe":4,"minecraft:wooden_pickaxe":37,"minecraft:torch":4,"minecraft:crafting_table":1,"minecraft:cooked_beef":3},"minecraft:dropped":{"minecraft:iron_ingot":1}},"DataVersion":3953}