{"stats":{"minecraft:crafted":{"minecraft:oak_planks":96,"minecraft:crafting_table":2,"minecraft:wooden_pickaxe":1,"minecraft:bone_meal":12,"minecraft:stick":68,"minecraft:stone_pickaxe":1,"minecraft:wooden_axe":4,"minecraft:torch":130},"minecraft:picked_up":{"minecraft:wooden_axe":3,"minecraft:stripped_oak_log":1,"minecraft:birch_log":7,"minecraft:pink_petals":3,"minecraft:charcoal":2,"minecraft:iron_chestplate":3,"minecraft:crafting_table":1,"minecraft:cooked_beef":14,"minecraft:chicken":3,"minecraft:glow_ink_sac":9,"minecraft:golden_pickaxe":1,"minecraft:leather":9,"minecraft:wooden_pickaxe":1,"minecraft:stripped_cherry_log":5,"minecraft:oak_log":25,"minecraft:dirt":4,"minecraft:bone":4,"minecraft:wheat_seeds":1,"minecraft:beef":2,"minecraft:iron_ingot":49,"minecraft:stone_pickaxe":1,"minecraft:iron_sword":1,"minecraft:furnace":1,"minecraft:stick":48,"minecraft:raw_iron":4,"minecraft:torch":163,"minecraft:cherry_log":117,"minecraft:white_bed":1,"minecraft:cherry_sapling":30,"minecraft:oak_sapling":5,"minecraft:coal":33,"minecraft:cobblestone":13},"minecraft:custom":{"minecraft:interact_with_crafting_table":10,"minecraft:time_since_death":58579,"minecraft:sleep_in_bed":3,"minecraft:time_since_rest":0,"minecraft:sprint_one_cm":4621,"minecraft:damage_taken":693,"minecraft:walk_one_cm":211977,"minecraft:drop":13,"minecraft:damage_dealt":67,"minecraft:swim_one_cm":32723,"minecraft:fly_one_cm":2699,"minecraft:open_chest":1,"minecraft:crouch_one_cm":295,"minecraft:play_time":72726,"minecraft:deaths":1,"minecraft:sneak_time":488,"minecraft:walk_under_water_one_cm":8642,"minecraft:boat_one_cm":166014,"minecraft:jump":590,"minecraft:walk_on_water_one_cm":23194,"minecraft:total_world_time":72726,"minecraft:fall_one_cm":5247},"minecraft:broken":{"minecraft:wooden_axe":2},"minecraft:mined":{"minecraft:white_bed":1,"minecraft:cherry_log":124,"minecraft:cherry_sapling":3,"minecraft:stripped_cherry_log":6,"minecraft:crafting_table":1,"minecraft:torch":5,"minecraft:short_grass":2,"minecraft:grass_block":4,"minecraft:cobblestone":3,"minecraft:pink_petals":2,"minecraft:birch_log":7,"minecraft:iron_ore":4,"minecraft:coal_ore":33,"minecraft:oak_log":14,"minecraft:cherry_leaves":15,"minecraft:stripped_oak_log":1,"minecraft:stone":9,"minecraft:oak_leaves":2},"minecraft:used":{"minecraft:stone_pickaxe":14,"minecraft:oak_planks":1,"minecraft:wooden_pickaxe":37,"minecraft:torch":6,"minecraft:dirt":2,"minecraft:crafting_table":2,"minecraft:white_bed":1,"minecraft:oak_log":1,"minecraft:wooden_axe":182,"minecraft:cobblestone":4,"minecraft:stripped_oak_log":1,"minecraft:cooked_beef":3,"minecraft:bone_meal":2},"minecraft:dropped":{"minecraft:iron_ingot":1,"minecraft:furnace":1,"minecraft:iron_sword":1,"minecraft:glow_ink_sac":9,"minecraft:golden_pickaxe":1,"minecraft:chicken":3,"minecraft:leather":9,"minecraft:charcoal":2,"minecraft:iron_chestplate":1,"minecraft:wooden_axe":1,"minecraft:oak_sapling":2}},"DataVersion":3953}