{"stats":{"minecraft:mined":{"minecraft:grass_block":2,"minecraft:oak_log":5,"minecraft:coal_ore":33,"minecraft:stone":3},"minecraft:used":{"minecraft:torch":3,"minecraft:crafting_table":1,"minecraft:stone_pickaxe":1,"minecraft:wooden_pickaxe":37},"minecraft:custom":{"minecraft:time_since_rest":10606,"minecraft:play_time":10606,"minecraft:damage_taken":205,"minecraft:walk_one_cm":57046,"minecraft:jump":131,"minecraft:damage_dealt":57,"minecraft:time_since_death":10606,"minecraft:total_world_time":10606,"minecraft:fall_one_cm":915,"minecraft:interact_with_crafting_table":6,"minecraft:fly_one_cm":521},"minecraft:crafted":{"minecraft:oak_planks":20,"minecraft:torch":6,"minecraft:crafting_table":1,"minecraft:stick":8,"minecraft:stone_pickaxe":1,"minecraft:wooden_pickaxe":1},"minecraft:picked_up":{"minecraft:iron_chestplate":1,"minecraft:iron_ingot":23,"minecraft:oak_log":5,"minecraft:oak_sapling":1,"minecraft:coal":33,"minecraft:dirt":2,"minecraft:cobblestone":3}},"DataVersion":3953}