{"stats":{"minecraft:used":{"minecraft:diorite":42,"minecraft:stone_pickaxe":147,"minecraft:birch_sapling":1,"minecraft:wooden_pickaxe":57,"minecraft:rotten_flesh":2,"minecraft:torch":1,"minecraft:cobblestone":73,"minecraft:crafting_table":2,"minecraft:cooked_beef":5,"minecraft:cobbled_deepslate":1},"minecraft:picked_up":{"minecraft:birch_log":6,"minecraft:stick":2,"minecraft:crafting_table":3,"minecraft:raw_iron":12,"minecraft:torch":1,"minecraft:wooden_pickaxe":1,"minecraft:birch_planks":13,"minecraft:diorite":42,"minecraft:string":2,"minecraft:bone":2,"minecraft:rotten_flesh":2,"minecraft:wheat_seeds":1,"minecraft:cobbled_deepslate":1,"minecraft:stone_pickaxe":1,"minecraft:birch_sapling":1,"minecraft:cobblestone":149},"minecraft:broken":{"minecraft:wooden_pickaxe":1,"minecraft:stone_pickaxe":1},"minecraft:mined":{"minecraft:birch_log":6,"minecraft:iron_ore":2,"minecraft:birch_leaves":4,"minecraft:crafting_table":2,"minecraft:short_grass":11,"minecraft:deepslate_iron_ore":6,"minecraft:cobblestone":5,"minecraft:stone":107,"minecraft:diorite":45,"minecraft:deepslate":1,"minecraft:wall_torch":1},"minecraft:dropped":{"minecraft:wheat_seeds":1,"minecraft:cooked_beef":2},"minecraft:killed_by":{"minecraft:zombie":1},"minecraft:custom":{"minecraft:time_since_rest":3502,"minecraft:interact_with_furnace":1,"minecraft:sprint_one_cm":36837,"minecraft:damage_taken":895,"minecraft:walk_one_cm":23578,"minecraft:mob_kills":7,"minecraft:drop":3,"minecraft:damage_dealt":1173,"minecraft:swim_one_cm":439,"minecraft:interact_with_crafting_table":3,"minecraft:fly_one_cm":71421,"minecraft:crouch_one_cm":17621,"minecraft:play_time":21662,"minecraft:deaths":1,"minecraft:sneak_time":7527,"minecraft:walk_under_water_one_cm":308,"minecraft:jump":478,"minecraft:walk_on_water_one_cm":1064,"minecraft:time_since_death":3474,"minecraft:total_world_time":21662,"minecraft:fall_one_cm":15386},"minecraft:killed":{"minecraft:skeleton":3,"minecraft:zombie":3,"minecraft:spider":1},"minecraft:crafted":{"minecraft:cooked_beef":7,"minecraft:crafting_table":1,"minecraft:stick":8,"minecraft:wooden_pickaxe":1,"minecraft:stone_pickaxe":2,"minecraft:birch_planks":24,"minecraft:air":0}},"DataVersion":3953}