{"stats":{"minecraft:broken":{"minecraft:stone_axe":1},"minecraft:mined":{"minecraft:tuff":1,"minecraft:deepslate_diamond_ore":29,"minecraft:smoker":1,"minecraft:crafting_table":7,"minecraft:torch":1,"minecraft:granite":2,"minecraft:short_grass":4,"minecraft:blast_furnace":2,"minecraft:grass_block":3,"minecraft:sugar_cane":4,"minecraft:wall_torch":3,"minecraft:spawner":1,"minecraft:birch_planks":1,"minecraft:furnace":2,"minecraft:iron_ore":54,"minecraft:andesite":2,"minecraft:coal_ore":78,"minecraft:oak_log":28,"minecraft:deepslate_iron_ore":18,"minecraft:dripstone_block":5,"minecraft:dirt":8,"minecraft:stone":64,"minecraft:oak_leaves":15,"minecraft:deepslate":36},"minecraft:used":{"minecraft:water_bucket":4,"minecraft:diamond_boots":1,"minecraft:stone_pickaxe":85,"minecraft:shield":43,"minecraft:rotten_flesh":9,"minecraft:torch":134,"minecraft:dirt":13,"minecraft:crafting_table":9,"minecraft:blast_furnace":2,"minecraft:dripstone_block":5,"minecraft:tuff":1,"minecraft:smoker":1,"minecraft:lava_bucket":3,"minecraft:iron_axe":70,"minecraft:bread":1,"minecraft:iron_pickaxe":218,"minecraft:gravel":1,"minecraft:stone_axe":75,"minecraft:furnace":2,"minecraft:cooked_porkchop":12,"minecraft:andesite":2,"minecraft:bucket":10,"minecraft:cobbled_deepslate":1,"minecraft:diamond_leggings":1,"minecraft:pointed_dripstone":1},"minecraft:custom":{"minecraft:interact_with_furnace":10,"minecraft:mob_kills":57,"minecraft:interact_with_crafting_table":13,"minecraft:time_since_death":83844,"minecraft:time_since_rest":83844,"minecraft:sprint_one_cm":281994,"minecraft:damage_taken":805,"minecraft:walk_one_cm":184523,"minecraft:damage_blocked_by_shield":1218,"minecraft:drop":11,"minecraft:damage_dealt":7925,"minecraft:swim_one_cm":12443,"minecraft:fly_one_cm":254604,"minecraft:open_chest":1,"minecraft:crouch_one_cm":8901,"minecraft:play_time":83844,"minecraft:sneak_time":4013,"minecraft:walk_under_water_one_cm":8057,"minecraft:jump":1765,"minecraft:interact_with_blast_furnace":7,"minecraft:walk_on_water_one_cm":7700,"minecraft:interact_with_smoker":5,"minecraft:total_world_time":83844,"minecraft:fall_one_cm":36088},"minecraft:crafted":{"minecraft:smooth_stone":3,"minecraft:oak_planks":52,"minecraft:cooked_porkchop":15,"minecraft:crafting_table":3,"minecraft:furnace":2,"minecraft:blast_furnace":1,"minecraft:stone":3,"minecraft:bucket":2,"minecraft:stone_axe":1,"minecraft:air":0,"minecraft:diamond_helmet":1,"minecraft:diamond_leggings":1,"minecraft:iron_chestplate":1,"minecraft:shield":1,"minecraft:iron_axe":1,"minecraft:stick":68,"minecraft:iron_ingot":71,"minecraft:iron_pickaxe":1,"minecraft:stone_pickaxe":1,"minecraft:diamond_boots":1,"minecraft:torch":152,"minecraft:diamond_chestplate":1,"minecraft:smoker":1},"minecraft:dropped":{"minecraft:iron_ingot":46,"minecraft:wheat_seeds":1,"minecraft:oak_log":5,"minecraft:stick":29,"minecraft:torch":128,"minecraft:iron_chestplate":2,"minecraft:wooden_axe":1,"minecraft:wooden_pickaxe":1},"minecraft:picked_up":{"minecraft:wooden_axe":1,"minecraft:birch_log":7,"minecraft:iron_chestplate":1,"minecraft:crafting_table":8,"minecraft:feather":8,"minecraft:chicken":6,"minecraft:glow_ink_sac":3,"minecraft:andesite":2,"minecraft:leather":4,"minecraft:wooden_pickaxe":1,"minecraft:smoker":1,"minecraft:birch_planks":1,"minecraft:tuff":1,"minecraft:oak_log":27,"minecraft:dirt":15,"minecraft:string":3,"minecraft:bone":22,"minecraft:apple":1,"minecraft:wheat_seeds":1,"minecraft:cobbled_deepslate":39,"minecraft:beef":20,"minecraft:iron_ingot":24,"minecraft:sugar_cane":10,"minecraft:egg":3,"minecraft:furnace":2,"minecraft:stick":35,"minecraft:raw_iron":71,"minecraft:torch":134,"minecraft:gravel":1,"minecraft:dripstone_block":5,"minecraft:porkchop":17,"minecraft:blast_furnace":2,"minecraft:pointed_dripstone":1,"minecraft:arrow":14,"minecraft:rotten_flesh":9,"minecraft:diamond":29,"minecraft:granite":2,"minecraft:oak_sapling":4,"minecraft:coal":78,"minecraft:cobblestone":69},"minecraft:killed":{"minecraft:pig":8,"minecraft:zombie_villager":1,"minecraft:spider":4,"minecraft:skeleton":15,"minecraft:zombie":14,"minecraft:chicken":6,"minecraft:cow":9}},"DataVersion":3953}