{"stats":{"minecraft:used":{"minecraft:diorite":43,"minecraft:tropical_fish":1,"minecraft:stone_pickaxe":186,"minecraft:wooden_pickaxe":57,"minecraft:rotten_flesh":3,"minecraft:iron_chestplate":1,"minecraft:torch":23,"minecraft:dirt":1,"minecraft:crafting_table":2,"minecraft:blast_furnace":1,"minecraft:lava_bucket":24,"minecraft:birch_sapling":1,"minecraft:iron_pickaxe":94,"minecraft:stone_axe":10,"minecraft:cobblestone":79,"minecraft:cooked_porkchop":6,"minecraft:bucket":28,"minecraft:cooked_beef":6,"minecraft:cobbled_deepslate":1},"minecraft:picked_up":{"minecraft:birch_log":6,"minecraft:crafting_table":5,"minecraft:wooden_pickaxe":1,"minecraft:birch_planks":85,"minecraft:filled_map":3,"minecraft:potion":2,"minecraft:gunpowder":4,"minecraft:dirt":1,"minecraft:string":7,"minecraft:bone":2,"minecraft:wheat_seeds":1,"minecraft:cobbled_deepslate":1,"minecraft:iron_ingot":2,"minecraft:stone_pickaxe":1,"minecraft:iron_pickaxe":2,"minecraft:birch_sapling":1,"minecraft:furnace":1,"minecraft:raw_iron":84,"minecraft:stick":8,"minecraft:torch":22,"minecraft:lava_bucket":2,"minecraft:diorite":45,"minecraft:rotten_flesh":11,"minecraft:tropical_fish":1,"minecraft:stone_axe":2,"minecraft:granite":1,"minecraft:coal":20,"minecraft:mutton":1,"minecraft:cobblestone":212},"minecraft:mined":{"minecraft:crafting_table":2,"minecraft:torch":5,"minecraft:granite":1,"minecraft:short_grass":12,"minecraft:grass_block":1,"minecraft:cobblestone":5,"minecraft:diorite":46,"minecraft:wall_torch":4,"minecraft:furnace":1,"minecraft:birch_log":6,"minecraft:iron_ore":62,"minecraft:birch_leaves":4,"minecraft:coal_ore":20,"minecraft:deepslate_iron_ore":6,"minecraft:stone":119,"minecraft:deepslate":1},"minecraft:broken":{"minecraft:stone_pickaxe":1,"minecraft:wooden_pickaxe":1},"minecraft:dropped":{"minecraft:iron_ingot":4,"minecraft:wheat_seeds":1,"minecraft:cooked_beef":2,"minecraft:rotten_flesh":2,"minecraft:potion":2},"minecraft:killed_by":{"minecraft:zombie":2},"minecraft:custom":{"minecraft:interact_with_furnace":49,"minecraft:mob_kills":13,"minecraft:interact_with_crafting_table":9,"minecraft:time_since_death":6029,"minecraft:climb_one_cm":275,"minecraft:time_since_rest":6056,"minecraft:sprint_one_cm":144253,"minecraft:damage_taken":1784,"minecraft:walk_one_cm":98644,"minecraft:drop":10,"minecraft:damage_dealt":2688,"minecraft:damage_dealt_absorbed":37,"minecraft:swim_one_cm":4744,"minecraft:fly_one_cm":203777,"minecraft:open_chest":3,"minecraft:crouch_one_cm":20729,"minecraft:play_time":51662,"minecraft:deaths":3,"minecraft:sneak_time":9051,"minecraft:walk_under_water_one_cm":8689,"minecraft:jump":1345,"minecraft:interact_with_blast_furnace":9,"minecraft:walk_on_water_one_cm":8870,"minecraft:total_world_time":51662,"minecraft:fall_one_cm":37019},"minecraft:killed":{"minecraft:spider":1,"minecraft:skeleton":3,"minecraft:zombie":8},"minecraft:crafted":{"minecraft:cooked_beef":8,"minecraft:smooth_stone":3,"minecraft:cooked_porkchop":6,"minecraft:crafting_table":1,"minecraft:wooden_pickaxe":1,"minecraft:blast_furnace":1,"minecraft:stone":3,"minecraft:bucket":1,"minecraft:birch_planks":24,"minecraft:stone_axe":1,"minecraft:air":0,"minecraft:iron_chestplate":1,"minecraft:stick":16,"minecraft:iron_ingot":22,"minecraft:iron_pickaxe":1,"minecraft:stone_pickaxe":2,"minecraft:torch":8}},"DataVersion":3953}