{"stats":{"minecraft:used":{"minecraft:water_bucket":1,"minecraft:diorite":43,"minecraft:tropical_fish":1,"minecraft:stone_pickaxe":186,"minecraft:shield":14,"minecraft:wooden_pickaxe":57,"minecraft:rotten_flesh":9,"minecraft:iron_chestplate":1,"minecraft:torch":76,"minecraft:dirt":1,"minecraft:crafting_table":2,"minecraft:blast_furnace":1,"minecraft:lava_bucket":27,"minecraft:birch_sapling":1,"minecraft:iron_pickaxe":156,"minecraft:iron_helmet":1,"minecraft:iron_boots":1,"minecraft:stone_axe":19,"minecraft:cobblestone":79,"minecraft:cooked_porkchop":6,"minecraft:bucket":32,"minecraft:cooked_beef":6,"minecraft:cobbled_deepslate":10,"minecraft:iron_leggings":1},"minecraft:picked_up":{"minecraft:birch_log":6,"minecraft:crafting_table":5,"minecraft:wooden_pickaxe":1,"minecraft:birch_planks":85,"minecraft:filled_map":3,"minecraft:potion":2,"minecraft:gunpowder":4,"minecraft:dirt":4,"minecraft:string":7,"minecraft:bone":2,"minecraft:wheat_seeds":1,"minecraft:cobbled_deepslate":19,"minecraft:iron_ingot":2,"minecraft:stone_pickaxe":1,"minecraft:iron_pickaxe":2,"minecraft:birch_sapling":1,"minecraft:furnace":1,"minecraft:raw_iron":117,"minecraft:stick":8,"minecraft:torch":26,"minecraft:lava_bucket":2,"minecraft:diorite":45,"minecraft:arrow":2,"minecraft:rotten_flesh":16,"minecraft:diamond":9,"minecraft:tropical_fish":1,"minecraft:stone_axe":2,"minecraft:granite":2,"minecraft:coal":20,"minecraft:mutton":1,"minecraft:cobblestone":219},"minecraft:mined":{"minecraft:deepslate_diamond_ore":9,"minecraft:crafting_table":2,"minecraft:torch":7,"minecraft:granite":1,"minecraft:short_grass":12,"minecraft:grass_block":1,"minecraft:cobblestone":5,"minecraft:diorite":46,"minecraft:wall_torch":4,"minecraft:furnace":1,"minecraft:birch_log":6,"minecraft:iron_ore":75,"minecraft:cobbled_deepslate":1,"minecraft:birch_leaves":4,"minecraft:coal_ore":20,"minecraft:deepslate_iron_ore":26,"minecraft:stone":126,"minecraft:deepslate":13},"minecraft:broken":{"minecraft:stone_pickaxe":1,"minecraft:wooden_pickaxe":1},"minecraft:dropped":{"minecraft:iron_ingot":4,"minecraft:wheat_seeds":1,"minecraft:cooked_beef":2,"minecraft:rotten_flesh":2,"minecraft:potion":2},"minecraft:killed_by":{"minecraft:zombie":2},"minecraft:custom":{"minecraft:interact_with_furnace":50,"minecraft:mob_kills":17,"minecraft:interact_with_crafting_table":15,"minecraft:time_since_death":18029,"minecraft:climb_one_cm":275,"minecraft:time_since_rest":18056,"minecraft:sprint_one_cm":165405,"minecraft:damage_taken":1994,"minecraft:walk_one_cm":164152,"minecraft:damage_blocked_by_shield":592,"minecraft:drop":10,"minecraft:damage_dealt":3387,"minecraft:damage_dealt_absorbed":37,"minecraft:swim_one_cm":5827,"minecraft:fly_one_cm":222374,"minecraft:open_chest":3,"minecraft:crouch_one_cm":22622,"minecraft:play_time":63662,"minecraft:deaths":3,"minecraft:sneak_time":9788,"minecraft:walk_under_water_one_cm":9397,"minecraft:jump":1561,"minecraft:interact_with_blast_furnace":19,"minecraft:walk_on_water_one_cm":10458,"minecraft:total_world_time":63662,"minecraft:fall_one_cm":39788},"minecraft:killed":{"minecraft:spider":1,"minecraft:skeleton":3,"minecraft:zombie":12},"minecraft:crafted":{"minecraft:cooked_beef":8,"minecraft:smooth_stone":3,"minecraft:cooked_porkchop":6,"minecraft:crafting_table":1,"minecraft:iron_helmet":1,"minecraft:wooden_pickaxe":1,"minecraft:blast_furnace":1,"minecraft:stone":3,"minecraft:bucket":2,"minecraft:birch_planks":24,"minecraft:stone_axe":1,"minecraft:air":0,"minecraft:iron_boots":1,"minecraft:iron_chestplate":1,"minecraft:shield":1,"minecraft:stick":28,"minecraft:iron_ingot":38,"minecraft:iron_pickaxe":1,"minecraft:stone_pickaxe":2,"minecraft:iron_leggings":1,"minecraft:torch":56}},"DataVersion":3953}