{"stats":{"minecraft:crafted":{"minecraft:cherry_planks":28,"minecraft:smooth_stone":3,"minecraft:oak_planks":80,"minecraft:beehive":3,"minecraft:cooked_chicken":6,"minecraft:furnace":2,"minecraft:blast_furnace":1,"minecraft:stone":3,"minecraft:diamond_shovel":1,"minecraft:cooked_mutton":21,"minecraft:diamond_helmet":1,"minecraft:diamond_leggings":1,"minecraft:iron_axe":2,"minecraft:iron_hoe":1,"minecraft:stone_pickaxe":1,"minecraft:chest":2,"minecraft:diamond_boots":1,"minecraft:lead":2,"minecraft:smoker":1,"minecraft:cooked_beef":26,"minecraft:cooked_porkchop":15,"minecraft:crafting_table":3,"minecraft:iron_sword":1,"minecraft:bucket":2,"minecraft:campfire":5,"minecraft:stone_axe":1,"minecraft:air":0,"minecraft:oak_boat":1,"minecraft:iron_chestplate":1,"minecraft:shield":1,"minecraft:stick":68,"minecraft:iron_ingot":71,"minecraft:iron_pickaxe":1,"minecraft:cherry_door":3,"minecraft:white_bed":2,"minecraft:torch":188,"minecraft:shears":2,"minecraft:diamond_chestplate":1},"minecraft:picked_up":{"minecraft:wooden_axe":1,"minecraft:charcoal":8,"minecraft:iron_chestplate":2,"minecraft:crafting_table":10,"minecraft:chicken":9,"minecraft:golden_pickaxe":1,"minecraft:lead":2,"minecraft:wooden_pickaxe":1,"minecraft:brown_bed":1,"minecraft:stripped_cherry_log":2,"minecraft:shield":1,"minecraft:string":3,"minecraft:iron_axe":1,"minecraft:cobbled_deepslate":39,"minecraft:beef":26,"minecraft:oak_boat":1,"minecraft:melon_slice":44,"minecraft:sugar_cane":10,"minecraft:egg":3,"minecraft:furnace":3,"minecraft:raw_iron":71,"minecraft:stick":76,"minecraft:torch":136,"minecraft:porkchop":22,"minecraft:cherry_log":50,"minecraft:pointed_dripstone":1,"minecraft:arrow":15,"minecraft:rotten_flesh":13,"minecraft:shears":1,"minecraft:hay_block":38,"minecraft:mutton":21,"minecraft:cobblestone":76,"minecraft:white_wool":11,"minecraft:stripped_oak_log":1,"minecraft:birch_log":7,"minecraft:pink_petals":188,"minecraft:feather":8,"minecraft:cherry_leaves":194,"minecraft:cherry_planks":2,"minecraft:glow_ink_sac":6,"minecraft:andesite":2,"minecraft:leather":16,"minecraft:golden_leggings":1,"minecraft:smoker":3,"minecraft:birch_planks":1,"minecraft:tuff":1,"minecraft:oak_log":37,"minecraft:dirt":123,"minecraft:bone":24,"minecraft:apple":1,"minecraft:kelp":1,"minecraft:wheat_seeds":11,"minecraft:iron_ingot":26,"minecraft:honeycomb":9,"minecraft:oak_planks":1,"minecraft:dandelion":13,"minecraft:gravel":1,"minecraft:dripstone_block":5,"minecraft:blast_furnace":2,"minecraft:slime_ball":1,"minecraft:diamond":29,"minecraft:granite":2,"minecraft:cherry_sapling":72,"minecraft:bread":18,"minecraft:oak_sapling":9,"minecraft:coal":141},"minecraft:custom":{"minecraft:mob_kills":80,"minecraft:interact_with_crafting_table":38,"minecraft:time_since_death":194422,"minecraft:sprint_one_cm":583937,"minecraft:walk_one_cm":386429,"minecraft:damage_blocked_by_shield":1867,"minecraft:drop":48,"minecraft:talked_to_villager":1,"minecraft:play_time":194422,"minecraft:sneak_time":7002,"minecraft:walk_under_water_one_cm":10904,"minecraft:boat_one_cm":165763,"minecraft:jump":4381,"minecraft:interact_with_blast_furnace":8,"minecraft:walk_on_water_one_cm":11314,"minecraft:total_world_time":194422,"minecraft:interact_with_furnace":10,"minecraft:sleep_in_bed":11,"minecraft:time_since_rest":36481,"minecraft:damage_taken":1362,"minecraft:damage_dealt":12211,"minecraft:player_kills":4,"minecraft:swim_one_cm":17697,"minecraft:fly_one_cm":774740,"minecraft:open_chest":27,"minecraft:crouch_one_cm":20585,"minecraft:interact_with_smoker":16,"minecraft:fall_one_cm":121359},"minecraft:broken":{"minecraft:shears":1,"minecraft:stone_axe":1},"minecraft:mined":{"minecraft:tuff":1,"minecraft:deepslate_diamond_ore":29,"minecraft:cherry_log":45,"minecraft:cherry_sapling":4,"minecraft:stripped_cherry_log":1,"minecraft:granite":2,"minecraft:grass_block":88,"minecraft:spawner":1,"minecraft:hay_block":38,"minecraft:furnace":2,"minecraft:fire":19,"minecraft:iron_ore":55,"minecraft:andesite":2,"minecraft:deepslate_iron_ore":18,"minecraft:stripped_oak_log":1,"minecraft:stone":65,"minecraft:smoker":3,"minecraft:dandelion":13,"minecraft:crafting_table":9,"minecraft:torch":2,"minecraft:short_grass":138,"minecraft:blast_furnace":2,"minecraft:campfire":4,"minecraft:tall_grass":28,"minecraft:cobblestone":7,"minecraft:oak_planks":1,"minecraft:sugar_cane":4,"minecraft:wall_torch":3,"minecraft:pink_petals":68,"minecraft:birch_planks":1,"minecraft:birch_leaves":1,"minecraft:bee_nest":1,"minecraft:coal_ore":78,"minecraft:oak_log":38,"minecraft:cherry_leaves":426,"minecraft:dirt":11,"minecraft:dripstone_block":5,"minecraft:oak_leaves":31,"minecraft:deepslate":36},"minecraft:killed":{"minecraft:spider":4,"minecraft:skeleton":16,"minecraft:chicken":6,"minecraft:pig":10,"minecraft:zombie_villager":2,"minecraft:sheep":6,"minecraft:zombie":22,"minecraft:cow":12},"minecraft:used":{"minecraft:cherry_sapling":34,"minecraft:chest":2,"minecraft:shield":63,"minecraft:iron_sword":48,"minecraft:rotten_flesh":9,"minecraft:torch":153,"minecraft:dirt":121,"minecraft:tuff":1,"minecraft:beehive":3,"minecraft:iron_hoe":217,"minecraft:lava_bucket":4,"minecraft:iron_axe":227,"minecraft:cherry_leaves":151,"minecraft:furnace":2,"minecraft:cooked_beef":8,"minecraft:cobbled_deepslate":1,"minecraft:pointed_dripstone":1,"minecraft:cooked_mutton":2,"minecraft:water_bucket":6,"minecraft:diamond_boots":1,"minecraft:stone_pickaxe":85,"minecraft:crafting_table":12,"minecraft:blast_furnace":2,"minecraft:white_bed":2,"minecraft:campfire":4,"minecraft:dripstone_block":5,"minecraft:shears":238,"minecraft:smoker":4,"minecraft:apple":1,"minecraft:diamond_shovel":56,"minecraft:cherry_door":1,"minecraft:bread":5,"minecraft:iron_pickaxe":232,"minecraft:gravel":1,"minecraft:stone_axe":75,"minecraft:pink_petals":56,"minecraft:cobblestone":4,"minecraft:cooked_porkchop":15,"minecraft:bucket":13,"minecraft:andesite":2,"minecraft:oak_boat":1,"minecraft:stripped_cherry_log":1,"minecraft:dandelion":13,"minecraft:diamond_leggings":1},"minecraft:dropped":{"minecraft:iron_ingot":59,"minecraft:birch_planks":1,"minecraft:wheat_seeds":10,"minecraft:cooked_beef":16,"minecraft:oak_log":11,"minecraft:glow_ink_sac":3,"minecraft:granite":2,"minecraft:coal":64,"minecraft:stick":29,"minecraft:dirt":2,"minecraft:torch":141,"minecraft:wooden_axe":1,"minecraft:iron_axe":1,"minecraft:pink_petals":31,"minecraft:white_wool":5,"minecraft:kelp":1,"minecraft:chicken":3,"minecraft:rotten_flesh":4,"minecraft:oak_planks":6,"minecraft:shears":1,"minecraft:iron_chestplate":2,"minecraft:oak_sapling":2,"minecraft:stone_pickaxe":1,"minecraft:wooden_pickaxe":1,"minecraft:egg":3}},"DataVersion":3953}