{"stats":{"minecraft:used":{"minecraft:diorite":42,"minecraft:stone_pickaxe":186,"minecraft:wooden_pickaxe":57,"minecraft:rotten_flesh":3,"minecraft:torch":8,"minecraft:dirt":1,"minecraft:crafting_table":2,"minecraft:blast_furnace":1,"minecraft:lava_bucket":4,"minecraft:birch_sapling":1,"minecraft:iron_pickaxe":21,"minecraft:stone_axe":10,"minecraft:cobblestone":79,"minecraft:cooked_porkchop":6,"minecraft:bucket":7,"minecraft:cooked_beef":5,"minecraft:cobbled_deepslate":1},"minecraft:picked_up":{"minecraft:birch_log":6,"minecraft:crafting_table":3,"minecraft:wooden_pickaxe":1,"minecraft:birch_planks":13,"minecraft:filled_map":1,"minecraft:potion":2,"minecraft:dirt":1,"minecraft:string":3,"minecraft:bone":2,"minecraft:wheat_seeds":1,"minecraft:cobbled_deepslate":1,"minecraft:stone_pickaxe":1,"minecraft:birch_sapling":1,"minecraft:furnace":1,"minecraft:raw_iron":29,"minecraft:stick":2,"minecraft:torch":8,"minecraft:diorite":43,"minecraft:rotten_flesh":7,"minecraft:mutton":1,"minecraft:cobblestone":154},"minecraft:mined":{"minecraft:crafting_table":2,"minecraft:short_grass":12,"minecraft:grass_block":1,"minecraft:cobblestone":5,"minecraft:diorite":46,"minecraft:wall_torch":1,"minecraft:furnace":1,"minecraft:birch_log":6,"minecraft:iron_ore":20,"minecraft:birch_leaves":4,"minecraft:deepslate_iron_ore":6,"minecraft:stone":111,"minecraft:deepslate":1},"minecraft:broken":{"minecraft:stone_pickaxe":1,"minecraft:wooden_pickaxe":1},"minecraft:dropped":{"minecraft:iron_ingot":4,"minecraft:wheat_seeds":1,"minecraft:cooked_beef":2,"minecraft:rotten_flesh":2,"minecraft:potion":2},"minecraft:killed_by":{"minecraft:zombie":1},"minecraft:custom":{"minecraft:interact_with_furnace":47,"minecraft:mob_kills":13,"minecraft:interact_with_crafting_table":8,"minecraft:time_since_death":21474,"minecraft:climb_one_cm":275,"minecraft:time_since_rest":21502,"minecraft:sprint_one_cm":90900,"minecraft:damage_taken":1234,"minecraft:walk_one_cm":62470,"minecraft:drop":10,"minecraft:damage_dealt":2688,"minecraft:damage_dealt_absorbed":37,"minecraft:swim_one_cm":2927,"minecraft:fly_one_cm":140000,"minecraft:open_chest":3,"minecraft:crouch_one_cm":20200,"minecraft:play_time":39662,"minecraft:deaths":1,"minecraft:sneak_time":8755,"minecraft:walk_under_water_one_cm":5735,"minecraft:jump":975,"minecraft:interact_with_blast_furnace":2,"minecraft:walk_on_water_one_cm":4552,"minecraft:total_world_time":39662,"minecraft:fall_one_cm":27040},"minecraft:killed":{"minecraft:spider":1,"minecraft:skeleton":3,"minecraft:zombie":8},"minecraft:crafted":{"minecraft:cooked_beef":7,"minecraft:smooth_stone":3,"minecraft:cooked_porkchop":6,"minecraft:crafting_table":1,"minecraft:wooden_pickaxe":1,"minecraft:blast_furnace":1,"minecraft:stone":3,"minecraft:bucket":1,"minecraft:birch_planks":24,"minecraft:stone_axe":1,"minecraft:air":0,"minecraft:stick":12,"minecraft:iron_ingot":11,"minecraft:iron_pickaxe":1,"minecraft:stone_pickaxe":2}},"DataVersion":3953}