{"stats":{"minecraft:crafted":{"minecraft:smooth_stone":3,"minecraft:oak_planks":52,"minecraft:cooked_porkchop":15,"minecraft:crafting_table":3,"minecraft:furnace":2,"minecraft:blast_furnace":1,"minecraft:stone":3,"minecraft:bucket":2,"minecraft:stone_axe":1,"minecraft:air":0,"minecraft:diamond_helmet":1,"minecraft:diamond_leggings":1,"minecraft:iron_chestplate":1,"minecraft:shield":1,"minecraft:iron_axe":1,"minecraft:iron_hoe":1,"minecraft:stick":68,"minecraft:iron_ingot":71,"minecraft:iron_pickaxe":1,"minecraft:stone_pickaxe":1,"minecraft:diamond_boots":1,"minecraft:torch":152,"minecraft:diamond_chestplate":1,"minecraft:smoker":1},"minecraft:picked_up":{"minecraft:wooden_axe":1,"minecraft:birch_log":7,"minecraft:crafting_table":8,"minecraft:iron_chestplate":1,"minecraft:feather":8,"minecraft:chicken":6,"minecraft:glow_ink_sac":3,"minecraft:andesite":2,"minecraft:leather":7,"minecraft:wooden_pickaxe":1,"minecraft:smoker":1,"minecraft:birch_planks":1,"minecraft:tuff":1,"minecraft:oak_log":27,"minecraft:dirt":15,"minecraft:string":3,"minecraft:bone":22,"minecraft:apple":1,"minecraft:wheat_seeds":3,"minecraft:cobbled_deepslate":39,"minecraft:iron_ingot":24,"minecraft:beef":26,"minecraft:sugar_cane":10,"minecraft:furnace":2,"minecraft:egg":3,"minecraft:stick":35,"minecraft:raw_iron":71,"minecraft:torch":134,"minecraft:dripstone_block":5,"minecraft:gravel":1,"minecraft:porkchop":20,"minecraft:pointed_dripstone":1,"minecraft:blast_furnace":2,"minecraft:arrow":14,"minecraft:rotten_flesh":9,"minecraft:diamond":29,"minecraft:hay_block":38,"minecraft:granite":2,"minecraft:mutton":7,"minecraft:white_wool":5,"minecraft:oak_sapling":5,"minecraft:coal":78,"minecraft:cobblestone":69},"minecraft:custom":{"minecraft:interact_with_furnace":10,"minecraft:mob_kills":67,"minecraft:interact_with_crafting_table":14,"minecraft:time_since_death":104422,"minecraft:sleep_in_bed":6,"minecraft:time_since_rest":4740,"minecraft:sprint_one_cm":343535,"minecraft:damage_taken":812,"minecraft:walk_one_cm":220250,"minecraft:damage_blocked_by_shield":1218,"minecraft:drop":18,"minecraft:damage_dealt":8825,"minecraft:talked_to_villager":1,"minecraft:swim_one_cm":15396,"minecraft:fly_one_cm":442733,"minecraft:open_chest":1,"minecraft:crouch_one_cm":8901,"minecraft:play_time":104422,"minecraft:sneak_time":4021,"minecraft:walk_under_water_one_cm":8269,"minecraft:jump":2506,"minecraft:interact_with_blast_furnace":8,"minecraft:walk_on_water_one_cm":8750,"minecraft:total_world_time":104422,"minecraft:interact_with_smoker":5,"minecraft:fall_one_cm":58882},"minecraft:broken":{"minecraft:stone_axe":1},"minecraft:mined":{"minecraft:tuff":1,"minecraft:deepslate_diamond_ore":29,"minecraft:smoker":1,"minecraft:crafting_table":7,"minecraft:torch":1,"minecraft:granite":2,"minecraft:short_grass":80,"minecraft:blast_furnace":2,"minecraft:grass_block":3,"minecraft:tall_grass":15,"minecraft:sugar_cane":4,"minecraft:wall_torch":3,"minecraft:spawner":1,"minecraft:hay_block":38,"minecraft:birch_planks":1,"minecraft:furnace":2,"minecraft:iron_ore":54,"minecraft:andesite":2,"minecraft:oak_log":28,"minecraft:coal_ore":78,"minecraft:deepslate_iron_ore":18,"minecraft:dripstone_block":5,"minecraft:dirt":8,"minecraft:stone":64,"minecraft:oak_leaves":28,"minecraft:deepslate":36},"minecraft:killed":{"minecraft:pig":10,"minecraft:zombie_villager":1,"minecraft:spider":4,"minecraft:sheep":5,"minecraft:skeleton":15,"minecraft:zombie":14,"minecraft:chicken":6,"minecraft:cow":12},"minecraft:used":{"minecraft:water_bucket":4,"minecraft:diamond_boots":1,"minecraft:stone_pickaxe":85,"minecraft:shield":43,"minecraft:rotten_flesh":9,"minecraft:torch":134,"minecraft:dirt":13,"minecraft:crafting_table":10,"minecraft:blast_furnace":2,"minecraft:dripstone_block":5,"minecraft:tuff":1,"minecraft:smoker":1,"minecraft:iron_hoe":67,"minecraft:apple":1,"minecraft:lava_bucket":3,"minecraft:iron_axe":90,"minecraft:bread":1,"minecraft:iron_pickaxe":219,"minecraft:gravel":1,"minecraft:stone_axe":75,"minecraft:furnace":2,"minecraft:cooked_porkchop":14,"minecraft:andesite":2,"minecraft:bucket":10,"minecraft:cobbled_deepslate":1,"minecraft:diamond_leggings":1,"minecraft:pointed_dripstone":1},"minecraft:dropped":{"minecraft:iron_ingot":57,"minecraft:birch_planks":1,"minecraft:wheat_seeds":3,"minecraft:oak_log":5,"minecraft:granite":2,"minecraft:stick":29,"minecraft:dirt":2,"minecraft:torch":128,"minecraft:iron_chestplate":2,"minecraft:wooden_axe":1,"minecraft:wooden_pickaxe":1,"minecraft:egg":3}},"DataVersion":3953}