{"stats":{"minecraft:crafted":{"minecraft:cherry_planks":4,"minecraft:smooth_stone":3,"minecraft:oak_planks":80,"minecraft:cooked_chicken":6,"minecraft:furnace":2,"minecraft:blast_furnace":1,"minecraft:stone":3,"minecraft:cooked_mutton":7,"minecraft:diamond_helmet":1,"minecraft:diamond_leggings":1,"minecraft:iron_axe":2,"minecraft:iron_hoe":1,"minecraft:stone_pickaxe":1,"minecraft:chest":2,"minecraft:diamond_boots":1,"minecraft:smoker":1,"minecraft:cooked_beef":26,"minecraft:cooked_porkchop":15,"minecraft:crafting_table":3,"minecraft:iron_sword":1,"minecraft:bucket":2,"minecraft:campfire":3,"minecraft:stone_axe":1,"minecraft:air":0,"minecraft:oak_boat":1,"minecraft:iron_chestplate":1,"minecraft:shield":1,"minecraft:stick":68,"minecraft:iron_ingot":71,"minecraft:iron_pickaxe":1,"minecraft:white_bed":2,"minecraft:torch":152,"minecraft:shears":2,"minecraft:diamond_chestplate":1},"minecraft:picked_up":{"minecraft:wooden_axe":1,"minecraft:charcoal":6,"minecraft:iron_chestplate":1,"minecraft:crafting_table":10,"minecraft:chicken":9,"minecraft:wooden_pickaxe":1,"minecraft:stripped_cherry_log":2,"minecraft:string":3,"minecraft:cobbled_deepslate":39,"minecraft:beef":26,"minecraft:oak_boat":1,"minecraft:sugar_cane":10,"minecraft:egg":3,"minecraft:furnace":3,"minecraft:raw_iron":71,"minecraft:stick":62,"minecraft:torch":136,"minecraft:porkchop":20,"minecraft:cherry_log":37,"minecraft:pointed_dripstone":1,"minecraft:arrow":15,"minecraft:rotten_flesh":11,"minecraft:hay_block":38,"minecraft:mutton":8,"minecraft:cobblestone":74,"minecraft:white_wool":11,"minecraft:stripped_oak_log":1,"minecraft:birch_log":7,"minecraft:pink_petals":77,"minecraft:feather":8,"minecraft:glow_ink_sac":3,"minecraft:andesite":2,"minecraft:leather":16,"minecraft:smoker":3,"minecraft:birch_planks":1,"minecraft:tuff":1,"minecraft:oak_log":37,"minecraft:dirt":15,"minecraft:bone":24,"minecraft:apple":1,"minecraft:kelp":1,"minecraft:wheat_seeds":5,"minecraft:iron_ingot":25,"minecraft:honeycomb":6,"minecraft:oak_planks":1,"minecraft:gravel":1,"minecraft:dripstone_block":5,"minecraft:blast_furnace":2,"minecraft:diamond":29,"minecraft:granite":2,"minecraft:cherry_sapling":55,"minecraft:oak_sapling":9,"minecraft:coal":79},"minecraft:custom":{"minecraft:mob_kills":74,"minecraft:interact_with_crafting_table":27,"minecraft:time_since_death":158422,"minecraft:sprint_one_cm":468706,"minecraft:walk_one_cm":298202,"minecraft:damage_blocked_by_shield":1661,"minecraft:drop":35,"minecraft:talked_to_villager":1,"minecraft:play_time":158422,"minecraft:sneak_time":5166,"minecraft:walk_under_water_one_cm":10904,"minecraft:boat_one_cm":165763,"minecraft:jump":3630,"minecraft:interact_with_blast_furnace":8,"minecraft:walk_on_water_one_cm":11314,"minecraft:total_world_time":158422,"minecraft:interact_with_furnace":10,"minecraft:sleep_in_bed":11,"minecraft:time_since_rest":481,"minecraft:damage_taken":1098,"minecraft:damage_dealt":10354,"minecraft:player_kills":1,"minecraft:swim_one_cm":17697,"minecraft:fly_one_cm":631639,"minecraft:open_chest":7,"minecraft:crouch_one_cm":12434,"minecraft:interact_with_smoker":14,"minecraft:fall_one_cm":97298},"minecraft:broken":{"minecraft:stone_axe":1},"minecraft:mined":{"minecraft:tuff":1,"minecraft:deepslate_diamond_ore":29,"minecraft:cherry_log":32,"minecraft:cherry_sapling":2,"minecraft:stripped_cherry_log":1,"minecraft:granite":2,"minecraft:grass_block":5,"minecraft:spawner":1,"minecraft:hay_block":38,"minecraft:furnace":2,"minecraft:fire":19,"minecraft:iron_ore":55,"minecraft:andesite":2,"minecraft:deepslate_iron_ore":18,"minecraft:stripped_oak_log":1,"minecraft:stone":65,"minecraft:smoker":3,"minecraft:crafting_table":9,"minecraft:torch":1,"minecraft:short_grass":113,"minecraft:blast_furnace":2,"minecraft:campfire":3,"minecraft:tall_grass":23,"minecraft:cobblestone":5,"minecraft:oak_planks":1,"minecraft:sugar_cane":4,"minecraft:wall_torch":3,"minecraft:pink_petals":32,"minecraft:birch_planks":1,"minecraft:birch_leaves":1,"minecraft:bee_nest":1,"minecraft:coal_ore":78,"minecraft:oak_log":38,"minecraft:cherry_leaves":179,"minecraft:dirt":8,"minecraft:dripstone_block":5,"minecraft:oak_leaves":31,"minecraft:deepslate":36},"minecraft:killed":{"minecraft:spider":4,"minecraft:skeleton":16,"minecraft:chicken":6,"minecraft:pig":10,"minecraft:zombie_villager":1,"minecraft:sheep":6,"minecraft:zombie":17,"minecraft:cow":12},"minecraft:used":{"minecraft:cherry_sapling":28,"minecraft:chest":2,"minecraft:shield":56,"minecraft:iron_sword":24,"minecraft:rotten_flesh":9,"minecraft:torch":139,"minecraft:dirt":13,"minecraft:tuff":1,"minecraft:iron_hoe":217,"minecraft:lava_bucket":4,"minecraft:iron_axe":199,"minecraft:furnace":2,"minecraft:cooked_beef":5,"minecraft:cobbled_deepslate":1,"minecraft:pointed_dripstone":1,"minecraft:cooked_mutton":2,"minecraft:water_bucket":4,"minecraft:diamond_boots":1,"minecraft:stone_pickaxe":85,"minecraft:crafting_table":12,"minecraft:blast_furnace":2,"minecraft:white_bed":2,"minecraft:campfire":3,"minecraft:dripstone_block":5,"minecraft:shears":2,"minecraft:smoker":3,"minecraft:apple":1,"minecraft:bread":1,"minecraft:iron_pickaxe":230,"minecraft:gravel":1,"minecraft:stone_axe":75,"minecraft:pink_petals":54,"minecraft:cobblestone":4,"minecraft:cooked_porkchop":15,"minecraft:bucket":11,"minecraft:andesite":2,"minecraft:oak_boat":1,"minecraft:stripped_cherry_log":1,"minecraft:diamond_leggings":1},"minecraft:dropped":{"minecraft:iron_ingot":59,"minecraft:birch_planks":1,"minecraft:wheat_seeds":5,"minecraft:cooked_beef":16,"minecraft:oak_log":11,"minecraft:glow_ink_sac":3,"minecraft:granite":2,"minecraft:stick":29,"minecraft:dirt":2,"minecraft:torch":141,"minecraft:wooden_axe":1,"minecraft:iron_axe":1,"minecraft:white_wool":5,"minecraft:kelp":1,"minecraft:oak_planks":3,"minecraft:shears":1,"minecraft:iron_chestplate":2,"minecraft:stone_pickaxe":1,"minecraft:wooden_pickaxe":1,"minecraft:egg":3}},"DataVersion":3953}