{"stats":{"minecraft:broken":{"minecraft:shears":1,"minecraft:iron_axe":1,"minecraft:stone_axe":1},"minecraft:mined":{"minecraft:diamond_ore":3,"minecraft:tuff":1,"minecraft:white_bed":2,"minecraft:candle":2,"minecraft:pink_bed":1,"minecraft:deepslate_diamond_ore":29,"minecraft:cherry_log":140,"minecraft:cherry_sapling":5,"minecraft:stripped_cherry_log":1,"minecraft:obsidian":10,"minecraft:lever":2,"minecraft:granite":2,"minecraft:grass_block":118,"minecraft:redstone_wire":6,"minecraft:spawner":1,"minecraft:hay_block":38,"minecraft:redstone_ore":10,"minecraft:furnace":2,"minecraft:sticky_piston":7,"minecraft:iron_ore":81,"minecraft:fire":19,"minecraft:andesite":11,"minecraft:deepslate_iron_ore":18,"minecraft:stripped_oak_log":1,"minecraft:stone":427,"minecraft:cherry_planks":10,"minecraft:red_bed":1,"minecraft:smoker":3,"minecraft:dandelion":18,"minecraft:crafting_table":10,"minecraft:cornflower":6,"minecraft:torch":3,"minecraft:short_grass":146,"minecraft:blast_furnace":2,"minecraft:poppy":2,"minecraft:campfire":8,"minecraft:tall_grass":29,"minecraft:cobblestone":9,"minecraft:oak_planks":1,"minecraft:sugar_cane":4,"minecraft:diorite":7,"minecraft:wall_torch":3,"minecraft:cauldron":1,"minecraft:cherry_slab":2,"minecraft:pink_petals":72,"minecraft:cherry_fence":49,"minecraft:birch_planks":1,"minecraft:ice":2,"minecraft:birch_leaves":1,"minecraft:bee_nest":1,"minecraft:oak_log":38,"minecraft:coal_ore":82,"minecraft:cherry_leaves":568,"minecraft:dirt":50,"minecraft:dripstone_block":5,"minecraft:sand":6,"minecraft:cobweb":1,"minecraft:piston":3,"minecraft:oak_leaves":31,"minecraft:deepslate":38},"minecraft:custom":{"minecraft:mob_kills":109,"minecraft:animals_bred":4,"minecraft:fill_cauldron":1,"minecraft:interact_with_crafting_table":68,"minecraft:time_since_death":310764,"minecraft:climb_one_cm":11314,"minecraft:sprint_one_cm":854002,"minecraft:walk_one_cm":632178,"minecraft:damage_blocked_by_shield":2191,"minecraft:drop":72,"minecraft:talked_to_villager":1,"minecraft:play_time":310764,"minecraft:sneak_time":20194,"minecraft:walk_under_water_one_cm":18880,"minecraft:boat_one_cm":165763,"minecraft:jump":6497,"minecraft:interact_with_blast_furnace":11,"minecraft:walk_on_water_one_cm":17901,"minecraft:total_world_time":310764,"minecraft:interact_with_furnace":14,"minecraft:sleep_in_bed":11,"minecraft:time_since_rest":152823,"minecraft:damage_taken":1983,"minecraft:damage_dealt":17765,"minecraft:player_kills":4,"minecraft:swim_one_cm":20940,"minecraft:fly_one_cm":1068178,"minecraft:open_chest":69,"minecraft:crouch_one_cm":62350,"minecraft:use_cauldron":1,"minecraft:interact_with_smoker":19,"minecraft:fall_one_cm":179204},"minecraft:used":{"minecraft:cherry_sapling":41,"minecraft:redstone":11,"minecraft:ladder":6,"minecraft:poppy":1,"minecraft:chest":2,"minecraft:shield":74,"minecraft:iron_sword":152,"minecraft:rotten_flesh":9,"minecraft:torch":198,"minecraft:dirt":157,"minecraft:tuff":1,"minecraft:beehive":3,"minecraft:iron_hoe":217,"minecraft:lava_bucket":10,"minecraft:iron_axe":462,"minecraft:cherry_slab":9,"minecraft:cherry_leaves":254,"minecraft:furnace":3,"minecraft:cooked_beef":10,"minecraft:cobbled_deepslate":1,"minecraft:cherry_fence":81,"minecraft:pointed_dripstone":1,"minecraft:cooked_mutton":3,"minecraft:water_bucket":21,"minecraft:diamond_boots":1,"minecraft:glass_bottle":1,"minecraft:stone_pickaxe":85,"minecraft:cherry_planks":320,"minecraft:cauldron":1,"minecraft:crafting_table":14,"minecraft:red_bed":2,"minecraft:blast_furnace":3,"minecraft:white_bed":2,"minecraft:campfire":12,"minecraft:dripstone_block":5,"minecraft:shears":311,"minecraft:smoker":4,"minecraft:sticky_piston":7,"minecraft:piston":3,"minecraft:lever":3,"minecraft:cornflower":5,"minecraft:diamond_pickaxe":456,"minecraft:apple":1,"minecraft:diamond_shovel":104,"minecraft:cherry_door":1,"minecraft:melon_slice":15,"minecraft:bread":19,"minecraft:iron_pickaxe":232,"minecraft:gravel":1,"minecraft:pink_bed":2,"minecraft:stone_axe":75,"minecraft:pink_petals":62,"minecraft:potion":2,"minecraft:cherry_stairs":12,"minecraft:cobblestone":46,"minecraft:white_banner":1,"minecraft:cooked_porkchop":15,"minecraft:andesite":2,"minecraft:bucket":34,"minecraft:candle":6,"minecraft:oak_boat":1,"minecraft:stripped_cherry_log":1,"minecraft:dandelion":13,"minecraft:diamond_leggings":1,"minecraft:bone_meal":30},"minecraft:crafted":{"minecraft:cherry_planks":524,"minecraft:smooth_stone":3,"minecraft:oak_planks":80,"minecraft:beehive":3,"minecraft:cherry_slab":12,"minecraft:pink_bed":1,"minecraft:cooked_chicken":6,"minecraft:furnace":3,"minecraft:blast_furnace":1,"minecraft:piston":3,"minecraft:stone":3,"minecraft:lever":1,"minecraft:bone_meal":30,"minecraft:diamond_shovel":1,"minecraft:pink_dye":1,"minecraft:candle":4,"minecraft:cooked_mutton":21,"minecraft:glass":6,"minecraft:diamond_helmet":1,"minecraft:diamond_leggings":1,"minecraft:iron_axe":2,"minecraft:ladder":6,"minecraft:iron_hoe":1,"minecraft:cherry_stairs":12,"minecraft:stone_pickaxe":1,"minecraft:chest":2,"minecraft:diamond_boots":1,"minecraft:lead":2,"minecraft:cherry_fence":90,"minecraft:smoker":1,"minecraft:cooked_beef":26,"minecraft:red_dye":1,"minecraft:glass_bottle":3,"minecraft:cauldron":1,"minecraft:cooked_porkchop":15,"minecraft:crafting_table":4,"minecraft:iron_sword":1,"minecraft:red_bed":1,"minecraft:sticky_piston":3,"minecraft:bucket":2,"minecraft:campfire":12,"minecraft:stone_axe":1,"minecraft:air":0,"minecraft:oak_boat":1,"minecraft:iron_chestplate":1,"minecraft:diamond_pickaxe":1,"minecraft:shield":1,"minecraft:stick":124,"minecraft:iron_ingot":94,"minecraft:iron_pickaxe":1,"minecraft:cherry_door":3,"minecraft:white_bed":2,"minecraft:torch":200,"minecraft:shears":2,"minecraft:diamond_chestplate":1},"minecraft:dropped":{"minecraft:water_bucket":1,"minecraft:iron_ingot":59,"minecraft:birch_planks":1,"minecraft:wheat_seeds":13,"minecraft:cooked_beef":16,"minecraft:oak_log":11,"minecraft:glow_ink_sac":3,"minecraft:glass_bottle":1,"minecraft:crossbow":1,"minecraft:cobblestone":107,"minecraft:granite":2,"minecraft:coal":72,"minecraft:stick":29,"minecraft:dirt":9,"minecraft:torch":141,"minecraft:wooden_axe":1,"minecraft:cherry_planks":1,"minecraft:iron_axe":1,"minecraft:iron_pickaxe":1,"minecraft:pink_petals":42,"minecraft:white_wool":5,"minecraft:kelp":1,"minecraft:chicken":3,"minecraft:rotten_flesh":7,"minecraft:oak_planks":6,"minecraft:shears":1,"minecraft:filled_map":1,"minecraft:hay_block":10,"minecraft:iron_chestplate":2,"minecraft:oak_sapling":2,"minecraft:spider_eye":1,"minecraft:bow":1,"minecraft:arrow":5,"minecraft:stone_pickaxe":1,"minecraft:wooden_pickaxe":1,"minecraft:egg":3},"minecraft:picked_up":{"minecraft:wooden_axe":1,"minecraft:charcoal":16,"minecraft:crafting_table":11,"minecraft:iron_chestplate":2,"minecraft:ominous_bottle":1,"minecraft:chicken":9,"minecraft:golden_pickaxe":1,"minecraft:lead":2,"minecraft:wooden_pickaxe":1,"minecraft:brown_bed":1,"minecraft:potion":3,"minecraft:stripped_cherry_log":2,"minecraft:shield":1,"minecraft:cornflower":6,"minecraft:string":4,"minecraft:red_bed":1,"minecraft:iron_axe":1,"minecraft:sticky_piston":7,"minecraft:compass":1,"minecraft:candle":2,"minecraft:cobbled_deepslate":39,"minecraft:beef":26,"minecraft:oak_boat":1,"minecraft:poppy":2,"minecraft:enchanted_golden_apple":1,"minecraft:melon_slice":44,"minecraft:sugar_cane":10,"minecraft:piston":3,"minecraft:furnace":3,"minecraft:egg":3,"minecraft:stick":83,"minecraft:raw_iron":97,"minecraft:torch":140,"minecraft:porkchop":25,"minecraft:cherry_log":157,"minecraft:pointed_dripstone":1,"minecraft:redstone":54,"minecraft:cauldron":1,"minecraft:arrow":20,"minecraft:rotten_flesh":18,"minecraft:shears":1,"minecraft:hay_block":38,"minecraft:obsidian":10,"minecraft:mutton":21,"minecraft:white_wool":11,"minecraft:cobblestone":265,"minecraft:stripped_oak_log":1,"minecraft:birch_log":7,"minecraft:pink_petals":205,"minecraft:feather":8,"minecraft:cherry_planks":11,"minecraft:cherry_leaves":264,"minecraft:glow_ink_sac":6,"minecraft:water_bucket":1,"minecraft:andesite":2,"minecraft:leather":16,"minecraft:golden_leggings":1,"minecraft:smoker":3,"minecraft:filled_map":1,"minecraft:birch_planks":1,"minecraft:tuff":1,"minecraft:oak_log":37,"minecraft:cherry_fence":49,"minecraft:gunpowder":1,"minecraft:dirt":191,"minecraft:white_banner":1,"minecraft:bone":36,"minecraft:apple":1,"minecraft:kelp":1,"minecraft:bow":1,"minecraft:wheat_seeds":14,"minecraft:iron_ingot":26,"minecraft:glass_bottle":1,"minecraft:oak_planks":1,"minecraft:honeycomb":15,"minecraft:book":18,"minecraft:pink_bed":1,"minecraft:sculk":9,"minecraft:dandelion":18,"minecraft:dripstone_block":5,"minecraft:gravel":1,"minecraft:sand":6,"minecraft:blast_furnace":2,"minecraft:white_bed":2,"minecraft:spider_eye":1,"minecraft:slime_ball":5,"minecraft:diamond":32,"minecraft:lever":3,"minecraft:crossbow":1,"minecraft:granite":2,"minecraft:cherry_sapling":82,"minecraft:cherry_slab":2,"minecraft:bread":18,"minecraft:oak_sapling":9,"minecraft:coal":152},"minecraft:killed":{"minecraft:spider":6,"minecraft:skeleton":26,"minecraft:panda":1,"minecraft:chicken":6,"minecraft:pig":12,"minecraft:zombie_villager":2,"minecraft:creeper":1,"minecraft:sheep":6,"minecraft:pillager":2,"minecraft:zombie":32,"minecraft:cow":12}},"DataVersion":3953}