{"stats":{"minecraft:crafted":{"minecraft:cooked_beef":9,"minecraft:smooth_stone":3,"minecraft:cooked_porkchop":6,"minecraft:crafting_table":1,"minecraft:wooden_pickaxe":1,"minecraft:iron_helmet":1,"minecraft:blast_furnace":1,"minecraft:stone":3,"minecraft:bucket":2,"minecraft:birch_planks":24,"minecraft:stone_axe":1,"minecraft:cooked_mutton":4,"minecraft:air":0,"minecraft:iron_boots":1,"minecraft:iron_chestplate":1,"minecraft:shield":1,"minecraft:stick":28,"minecraft:iron_ingot":41,"minecraft:iron_pickaxe":1,"minecraft:stone_pickaxe":2,"minecraft:iron_leggings":1,"minecraft:torch":72,"minecraft:diamond_chestplate":1},"minecraft:broken":{"minecraft:stone_pickaxe":1,"minecraft:stone_axe":1,"minecraft:wooden_pickaxe":1},"minecraft:mined":{"minecraft:tuff":4,"minecraft:deepslate_diamond_ore":17,"minecraft:crafting_table":2,"minecraft:torch":7,"minecraft:granite":1,"minecraft:short_grass":21,"minecraft:grass_block":1,"minecraft:cobblestone":5,"minecraft:diorite":46,"minecraft:wall_torch":4,"minecraft:furnace":1,"minecraft:birch_log":9,"minecraft:iron_ore":75,"minecraft:cobbled_deepslate":1,"minecraft:birch_leaves":4,"minecraft:coal_ore":20,"minecraft:deepslate_iron_ore":39,"minecraft:stone":126,"minecraft:deepslate":22},"minecraft:dropped":{"minecraft:iron_ingot":4,"minecraft:wheat_seeds":1,"minecraft:cooked_beef":2,"minecraft:rotten_flesh":2,"minecraft:potion":2,"minecraft:string":4},"minecraft:custom":{"minecraft:interact_with_furnace":61,"minecraft:mob_kills":39,"minecraft:interact_with_crafting_table":19,"minecraft:leave_game":3,"minecraft:time_since_death":0,"minecraft:climb_one_cm":997,"minecraft:time_since_rest":476,"minecraft:sprint_one_cm":256153,"minecraft:damage_taken":2687,"minecraft:walk_one_cm":281278,"minecraft:damage_blocked_by_shield":1674,"minecraft:drop":11,"minecraft:damage_dealt":7368,"minecraft:player_kills":1,"minecraft:damage_dealt_absorbed":37,"minecraft:swim_one_cm":9480,"minecraft:talked_to_villager":1,"minecraft:fly_one_cm":321067,"minecraft:open_chest":9,"minecraft:crouch_one_cm":23291,"minecraft:play_time":187703,"minecraft:deaths":4,"minecraft:sneak_time":10057,"minecraft:walk_under_water_one_cm":10839,"minecraft:jump":2443,"minecraft:interact_with_blast_furnace":29,"minecraft:walk_on_water_one_cm":14897,"minecraft:total_world_time":187703,"minecraft:fall_one_cm":57148},"minecraft:killed":{"minecraft:zombie_villager":1,"minecraft:spider":3,"minecraft:sheep":2,"minecraft:skeleton":7,"minecraft:pillager":1,"minecraft:zombie":20,"minecraft:cow":2},"minecraft:picked_up":{"minecraft:birch_log":6,"minecraft:crafting_table":5,"minecraft:ominous_bottle":1,"minecraft:leather":4,"minecraft:lead":2,"minecraft:wooden_pickaxe":1,"minecraft:filled_map":3,"minecraft:birch_planks":85,"minecraft:potion":2,"minecraft:tuff":4,"minecraft:gunpowder":4,"minecraft:dirt":4,"minecraft:string":9,"minecraft:bone":6,"minecraft:wheat_seeds":2,"minecraft:cobbled_deepslate":35,"minecraft:iron_ingot":2,"minecraft:beef":4,"minecraft:stone_pickaxe":1,"minecraft:iron_pickaxe":2,"minecraft:birch_sapling":1,"minecraft:furnace":1,"minecraft:raw_iron":130,"minecraft:stick":8,"minecraft:torch":28,"minecraft:lava_bucket":2,"minecraft:diorite":45,"minecraft:spider_eye":1,"minecraft:arrow":3,"minecraft:rotten_flesh":23,"minecraft:diamond":17,"minecraft:tropical_fish":1,"minecraft:stone_axe":2,"minecraft:granite":2,"minecraft:mutton":5,"minecraft:coal":20,"minecraft:white_wool":2,"minecraft:cobblestone":219},"minecraft:killed_by":{"minecraft:player":1,"minecraft:zombie":2},"minecraft:used":{"minecraft:cooked_mutton":3,"minecraft:water_bucket":4,"minecraft:diorite":43,"minecraft:tropical_fish":1,"minecraft:stone_pickaxe":186,"minecraft:wooden_pickaxe":57,"minecraft:shield":74,"minecraft:rotten_flesh":32,"minecraft:iron_chestplate":1,"minecraft:torch":94,"minecraft:glow_berries":1,"minecraft:dirt":1,"minecraft:crafting_table":2,"minecraft:blast_furnace":1,"minecraft:tuff":4,"minecraft:lava_bucket":27,"minecraft:birch_sapling":1,"minecraft:iron_pickaxe":200,"minecraft:iron_helmet":1,"minecraft:iron_boots":1,"minecraft:stone_axe":76,"minecraft:cobblestone":79,"minecraft:cooked_porkchop":6,"minecraft:bucket":36,"minecraft:egg":1,"minecraft:cooked_beef":7,"minecraft:cobbled_deepslate":18,"minecraft:iron_leggings":1}},"DataVersion":3953}