{"stats":{"minecraft:crafted":{"minecraft:smooth_stone":3,"minecraft:oak_planks":72,"minecraft:cooked_chicken":6,"minecraft:furnace":2,"minecraft:blast_furnace":1,"minecraft:stone":3,"minecraft:cooked_mutton":7,"minecraft:diamond_helmet":1,"minecraft:diamond_leggings":1,"minecraft:iron_axe":1,"minecraft:iron_hoe":1,"minecraft:stone_pickaxe":1,"minecraft:chest":1,"minecraft:diamond_boots":1,"minecraft:smoker":1,"minecraft:cooked_beef":26,"minecraft:cooked_porkchop":15,"minecraft:crafting_table":3,"minecraft:bucket":2,"minecraft:campfire":1,"minecraft:stone_axe":1,"minecraft:air":0,"minecraft:oak_boat":1,"minecraft:iron_chestplate":1,"minecraft:shield":1,"minecraft:stick":68,"minecraft:iron_ingot":71,"minecraft:iron_pickaxe":1,"minecraft:torch":152,"minecraft:shears":1,"minecraft:diamond_chestplate":1},"minecraft:picked_up":{"minecraft:wooden_axe":1,"minecraft:iron_chestplate":1,"minecraft:crafting_table":10,"minecraft:chicken":6,"minecraft:wooden_pickaxe":1,"minecraft:string":3,"minecraft:cobbled_deepslate":39,"minecraft:beef":26,"minecraft:oak_boat":1,"minecraft:sugar_cane":10,"minecraft:egg":3,"minecraft:furnace":2,"minecraft:raw_iron":71,"minecraft:stick":44,"minecraft:torch":136,"minecraft:porkchop":20,"minecraft:cherry_log":17,"minecraft:pointed_dripstone":1,"minecraft:arrow":14,"minecraft:rotten_flesh":9,"minecraft:hay_block":38,"minecraft:mutton":7,"minecraft:cobblestone":72,"minecraft:white_wool":10,"minecraft:stripped_oak_log":1,"minecraft:birch_log":7,"minecraft:pink_petals":54,"minecraft:feather":8,"minecraft:glow_ink_sac":3,"minecraft:andesite":2,"minecraft:leather":7,"minecraft:smoker":3,"minecraft:birch_planks":1,"minecraft:tuff":1,"minecraft:oak_log":37,"minecraft:dirt":15,"minecraft:bone":22,"minecraft:apple":1,"minecraft:kelp":1,"minecraft:wheat_seeds":3,"minecraft:iron_ingot":24,"minecraft:gravel":1,"minecraft:dripstone_block":5,"minecraft:blast_furnace":2,"minecraft:diamond":29,"minecraft:granite":2,"minecraft:cherry_sapling":17,"minecraft:oak_sapling":7,"minecraft:coal":79},"minecraft:custom":{"minecraft:mob_kills":70,"minecraft:interact_with_crafting_table":19,"minecraft:time_since_death":134422,"minecraft:sprint_one_cm":401766,"minecraft:walk_one_cm":264341,"minecraft:damage_blocked_by_shield":1218,"minecraft:drop":27,"minecraft:talked_to_villager":1,"minecraft:play_time":134422,"minecraft:sneak_time":4996,"minecraft:walk_under_water_one_cm":8269,"minecraft:boat_one_cm":165763,"minecraft:jump":3122,"minecraft:interact_with_blast_furnace":8,"minecraft:walk_on_water_one_cm":9588,"minecraft:total_world_time":134422,"minecraft:interact_with_furnace":10,"minecraft:sleep_in_bed":6,"minecraft:time_since_rest":34740,"minecraft:damage_taken":840,"minecraft:damage_dealt":8835,"minecraft:swim_one_cm":15396,"minecraft:fly_one_cm":540258,"minecraft:open_chest":2,"minecraft:crouch_one_cm":12065,"minecraft:interact_with_smoker":14,"minecraft:fall_one_cm":78394},"minecraft:broken":{"minecraft:stone_axe":1},"minecraft:mined":{"minecraft:tuff":1,"minecraft:deepslate_diamond_ore":29,"minecraft:cherry_log":15,"minecraft:granite":2,"minecraft:grass_block":5,"minecraft:spawner":1,"minecraft:hay_block":38,"minecraft:furnace":2,"minecraft:iron_ore":55,"minecraft:andesite":2,"minecraft:deepslate_iron_ore":18,"minecraft:stripped_oak_log":1,"minecraft:stone":65,"minecraft:smoker":3,"minecraft:crafting_table":9,"minecraft:torch":1,"minecraft:short_grass":101,"minecraft:blast_furnace":2,"minecraft:campfire":1,"minecraft:tall_grass":15,"minecraft:cobblestone":3,"minecraft:sugar_cane":4,"minecraft:wall_torch":3,"minecraft:pink_petals":18,"minecraft:birch_planks":1,"minecraft:birch_leaves":1,"minecraft:bee_nest":1,"minecraft:coal_ore":78,"minecraft:oak_log":38,"minecraft:cherry_leaves":158,"minecraft:dirt":8,"minecraft:dripstone_block":5,"minecraft:oak_leaves":31,"minecraft:deepslate":36},"minecraft:killed":{"minecraft:spider":4,"minecraft:skeleton":15,"minecraft:chicken":6,"minecraft:pig":10,"minecraft:zombie_villager":1,"minecraft:sheep":5,"minecraft:zombie":15,"minecraft:cow":12},"minecraft:used":{"minecraft:chest":1,"minecraft:shield":43,"minecraft:rotten_flesh":9,"minecraft:torch":135,"minecraft:dirt":13,"minecraft:tuff":1,"minecraft:iron_hoe":217,"minecraft:lava_bucket":4,"minecraft:iron_axe":150,"minecraft:furnace":2,"minecraft:cobbled_deepslate":1,"minecraft:pointed_dripstone":1,"minecraft:cooked_mutton":2,"minecraft:water_bucket":4,"minecraft:diamond_boots":1,"minecraft:stone_pickaxe":85,"minecraft:crafting_table":12,"minecraft:blast_furnace":2,"minecraft:campfire":1,"minecraft:dripstone_block":5,"minecraft:smoker":3,"minecraft:apple":1,"minecraft:bread":1,"minecraft:iron_pickaxe":228,"minecraft:gravel":1,"minecraft:stone_axe":75,"minecraft:pink_petals":54,"minecraft:cobblestone":2,"minecraft:cooked_porkchop":15,"minecraft:bucket":11,"minecraft:andesite":2,"minecraft:oak_boat":1,"minecraft:diamond_leggings":1},"minecraft:dropped":{"minecraft:iron_ingot":57,"minecraft:birch_planks":1,"minecraft:wheat_seeds":3,"minecraft:cooked_beef":13,"minecraft:oak_log":11,"minecraft:glow_ink_sac":3,"minecraft:granite":2,"minecraft:stick":29,"minecraft:dirt":2,"minecraft:torch":141,"minecraft:wooden_axe":1,"minecraft:white_wool":5,"minecraft:kelp":1,"minecraft:oak_planks":3,"minecraft:shears":1,"minecraft:iron_chestplate":2,"minecraft:stone_pickaxe":1,"minecraft:wooden_pickaxe":1,"minecraft:egg":3}},"DataVersion":3953}