{"stats":{"minecraft:broken":{"minecraft:stone_axe":1},"minecraft:mined":{"minecraft:tuff":1,"minecraft:deepslate_diamond_ore":11,"minecraft:crafting_table":6,"minecraft:torch":1,"minecraft:granite":2,"minecraft:short_grass":1,"minecraft:blast_furnace":1,"minecraft:grass_block":3,"minecraft:wall_torch":3,"minecraft:spawner":1,"minecraft:birch_planks":1,"minecraft:furnace":2,"minecraft:iron_ore":54,"minecraft:andesite":2,"minecraft:coal_ore":48,"minecraft:oak_log":15,"minecraft:deepslate_iron_ore":18,"minecraft:dripstone_block":5,"minecraft:dirt":8,"minecraft:stone":57,"minecraft:oak_leaves":6,"minecraft:deepslate":12},"minecraft:used":{"minecraft:water_bucket":2,"minecraft:diamond_boots":1,"minecraft:stone_pickaxe":85,"minecraft:shield":29,"minecraft:rotten_flesh":2,"minecraft:torch":108,"minecraft:dirt":13,"minecraft:crafting_table":7,"minecraft:blast_furnace":1,"minecraft:iron_axe":7,"minecraft:iron_pickaxe":132,"minecraft:gravel":1,"minecraft:stone_axe":75,"minecraft:furnace":2,"minecraft:cooked_porkchop":9,"minecraft:andesite":2,"minecraft:bucket":2,"minecraft:diamond_leggings":1,"minecraft:pointed_dripstone":1},"minecraft:custom":{"minecraft:interact_with_furnace":10,"minecraft:mob_kills":30,"minecraft:interact_with_crafting_table":10,"minecraft:time_since_death":47844,"minecraft:time_since_rest":47844,"minecraft:sprint_one_cm":144515,"minecraft:damage_taken":679,"minecraft:walk_one_cm":93143,"minecraft:damage_blocked_by_shield":903,"minecraft:drop":1,"minecraft:damage_dealt":5092,"minecraft:swim_one_cm":1295,"minecraft:fly_one_cm":121299,"minecraft:open_chest":1,"minecraft:crouch_one_cm":7549,"minecraft:play_time":47844,"minecraft:sneak_time":3223,"minecraft:walk_under_water_one_cm":5074,"minecraft:jump":831,"minecraft:interact_with_blast_furnace":4,"minecraft:walk_on_water_one_cm":5114,"minecraft:total_world_time":47844,"minecraft:fall_one_cm":18987},"minecraft:dropped":{"minecraft:wheat_seeds":1},"minecraft:crafted":{"minecraft:smooth_stone":3,"minecraft:oak_planks":40,"minecraft:cooked_porkchop":9,"minecraft:crafting_table":2,"minecraft:furnace":2,"minecraft:blast_furnace":1,"minecraft:stone":3,"minecraft:bucket":1,"minecraft:stone_axe":1,"minecraft:air":0,"minecraft:diamond_leggings":1,"minecraft:iron_chestplate":1,"minecraft:shield":1,"minecraft:iron_axe":1,"minecraft:stick":32,"minecraft:iron_ingot":28,"minecraft:iron_pickaxe":1,"minecraft:stone_pickaxe":1,"minecraft:diamond_boots":1,"minecraft:torch":104,"minecraft:smoker":1},"minecraft:picked_up":{"minecraft:crafting_table":6,"minecraft:glow_ink_sac":3,"minecraft:andesite":2,"minecraft:birch_planks":1,"minecraft:tuff":1,"minecraft:oak_log":14,"minecraft:dirt":13,"minecraft:string":3,"minecraft:bone":16,"minecraft:wheat_seeds":1,"minecraft:cobbled_deepslate":15,"minecraft:iron_ingot":1,"minecraft:furnace":2,"minecraft:stick":4,"minecraft:raw_iron":71,"minecraft:torch":4,"minecraft:gravel":1,"minecraft:dripstone_block":5,"minecraft:porkchop":9,"minecraft:blast_furnace":1,"minecraft:pointed_dripstone":1,"minecraft:arrow":12,"minecraft:rotten_flesh":9,"minecraft:diamond":11,"minecraft:granite":2,"minecraft:coal":48,"minecraft:cobblestone":62},"minecraft:killed":{"minecraft:pig":4,"minecraft:zombie_villager":1,"minecraft:spider":4,"minecraft:skeleton":12,"minecraft:zombie":9}},"DataVersion":3953}