{"stats":{"minecraft:broken":{"minecraft:stone_axe":1},"minecraft:mined":{"minecraft:tuff":1,"minecraft:deepslate_diamond_ore":22,"minecraft:crafting_table":6,"minecraft:torch":1,"minecraft:granite":2,"minecraft:short_grass":1,"minecraft:blast_furnace":2,"minecraft:grass_block":3,"minecraft:wall_torch":3,"minecraft:spawner":1,"minecraft:birch_planks":1,"minecraft:furnace":2,"minecraft:iron_ore":54,"minecraft:andesite":2,"minecraft:coal_ore":48,"minecraft:oak_log":15,"minecraft:deepslate_iron_ore":18,"minecraft:dripstone_block":5,"minecraft:dirt":8,"minecraft:stone":57,"minecraft:oak_leaves":6,"minecraft:deepslate":26},"minecraft:used":{"minecraft:water_bucket":2,"minecraft:diamond_boots":1,"minecraft:stone_pickaxe":85,"minecraft:shield":29,"minecraft:rotten_flesh":4,"minecraft:torch":125,"minecraft:dirt":13,"minecraft:crafting_table":8,"minecraft:blast_furnace":2,"minecraft:dripstone_block":5,"minecraft:tuff":1,"minecraft:iron_axe":9,"minecraft:bread":1,"minecraft:iron_pickaxe":158,"minecraft:gravel":1,"minecraft:stone_axe":75,"minecraft:furnace":2,"minecraft:cooked_porkchop":9,"minecraft:andesite":2,"minecraft:bucket":4,"minecraft:diamond_leggings":1,"minecraft:pointed_dripstone":1},"minecraft:custom":{"minecraft:interact_with_furnace":10,"minecraft:mob_kills":31,"minecraft:interact_with_crafting_table":11,"minecraft:time_since_death":59844,"minecraft:time_since_rest":59844,"minecraft:sprint_one_cm":173344,"minecraft:damage_taken":715,"minecraft:walk_one_cm":110500,"minecraft:damage_blocked_by_shield":903,"minecraft:drop":1,"minecraft:damage_dealt":5204,"minecraft:swim_one_cm":1295,"minecraft:fly_one_cm":146539,"minecraft:open_chest":1,"minecraft:crouch_one_cm":8141,"minecraft:play_time":59844,"minecraft:sneak_time":3514,"minecraft:walk_under_water_one_cm":5074,"minecraft:jump":993,"minecraft:interact_with_blast_furnace":7,"minecraft:walk_on_water_one_cm":5114,"minecraft:total_world_time":59844,"minecraft:fall_one_cm":22858},"minecraft:dropped":{"minecraft:wheat_seeds":1},"minecraft:crafted":{"minecraft:smooth_stone":3,"minecraft:oak_planks":40,"minecraft:cooked_porkchop":9,"minecraft:crafting_table":2,"minecraft:furnace":2,"minecraft:blast_furnace":1,"minecraft:stone":3,"minecraft:bucket":1,"minecraft:stone_axe":1,"minecraft:air":0,"minecraft:diamond_helmet":1,"minecraft:diamond_leggings":1,"minecraft:iron_chestplate":1,"minecraft:shield":1,"minecraft:iron_axe":1,"minecraft:stick":36,"minecraft:iron_ingot":71,"minecraft:iron_pickaxe":1,"minecraft:stone_pickaxe":1,"minecraft:diamond_boots":1,"minecraft:torch":128,"minecraft:smoker":1},"minecraft:picked_up":{"minecraft:crafting_table":6,"minecraft:glow_ink_sac":3,"minecraft:andesite":2,"minecraft:birch_planks":1,"minecraft:tuff":1,"minecraft:oak_log":14,"minecraft:dirt":13,"minecraft:string":3,"minecraft:bone":16,"minecraft:wheat_seeds":1,"minecraft:cobbled_deepslate":29,"minecraft:iron_ingot":1,"minecraft:furnace":2,"minecraft:stick":4,"minecraft:raw_iron":71,"minecraft:torch":4,"minecraft:gravel":1,"minecraft:dripstone_block":5,"minecraft:porkchop":9,"minecraft:blast_furnace":2,"minecraft:pointed_dripstone":1,"minecraft:arrow":12,"minecraft:rotten_flesh":9,"minecraft:diamond":22,"minecraft:granite":2,"minecraft:coal":48,"minecraft:cobblestone":62},"minecraft:killed":{"minecraft:pig":4,"minecraft:zombie_villager":1,"minecraft:spider":4,"minecraft:skeleton":12,"minecraft:zombie":10}},"DataVersion":3953}