{"stats":{"minecraft:used":{"minecraft:diorite":16,"minecraft:stone_pickaxe":108,"minecraft:birch_sapling":1,"minecraft:wooden_pickaxe":3,"minecraft:cobblestone":5,"minecraft:crafting_table":1,"minecraft:cooked_beef":3},"minecraft:picked_up":{"minecraft:birch_log":6,"minecraft:crafting_table":1,"minecraft:raw_iron":1,"minecraft:diorite":16,"minecraft:rotten_flesh":2,"minecraft:wheat_seeds":1,"minecraft:birch_sapling":1,"minecraft:cobblestone":79},"minecraft:mined":{"minecraft:birch_log":6,"minecraft:iron_ore":1,"minecraft:birch_leaves":4,"minecraft:crafting_table":1,"minecraft:short_grass":8,"minecraft:cobblestone":3,"minecraft:stone":76,"minecraft:diorite":16},"minecraft:dropped":{"minecraft:wheat_seeds":1},"minecraft:custom":{"minecraft:time_since_rest":9662,"minecraft:interact_with_furnace":1,"minecraft:sprint_one_cm":21703,"minecraft:damage_taken":290,"minecraft:walk_one_cm":10968,"minecraft:mob_kills":3,"minecraft:drop":1,"minecraft:damage_dealt":449,"minecraft:interact_with_crafting_table":2,"minecraft:fly_one_cm":47721,"minecraft:crouch_one_cm":4327,"minecraft:play_time":9662,"minecraft:sneak_time":1769,"minecraft:jump":245,"minecraft:time_since_death":9662,"minecraft:total_world_time":9662,"minecraft:fall_one_cm":8772},"minecraft:killed":{"minecraft:skeleton":2,"minecraft:zombie":1},"minecraft:crafted":{"minecraft:cooked_beef":7,"minecraft:crafting_table":1,"minecraft:stick":4,"minecraft:wooden_pickaxe":1,"minecraft:stone_pickaxe":1,"minecraft:birch_planks":24,"minecraft:air":0}},"DataVersion":3953}