{"stats":{"minecraft:mined":{"minecraft:birch_planks":1,"minecraft:furnace":2,"minecraft:deepslate_diamond_ore":10,"minecraft:iron_ore":54,"minecraft:crafting_table":4,"minecraft:torch":1,"minecraft:granite":2,"minecraft:short_grass":1,"minecraft:oak_log":15,"minecraft:grass_block":3,"minecraft:coal_ore":31,"minecraft:deepslate_iron_ore":16,"minecraft:dripstone_block":2,"minecraft:dirt":8,"minecraft:stone":48,"minecraft:deepslate":9,"minecraft:oak_leaves":6,"minecraft:wall_torch":3},"minecraft:used":{"minecraft:water_bucket":1,"minecraft:stone_pickaxe":85,"minecraft:iron_pickaxe":92,"minecraft:shield":6,"minecraft:rotten_flesh":2,"minecraft:torch":82,"minecraft:stone_axe":45,"minecraft:dirt":13,"minecraft:crafting_table":5,"minecraft:furnace":2,"minecraft:cooked_porkchop":5,"minecraft:bucket":1},"minecraft:custom":{"minecraft:time_since_rest":35844,"minecraft:interact_with_furnace":10,"minecraft:sprint_one_cm":89617,"minecraft:damage_taken":395,"minecraft:walk_one_cm":58451,"minecraft:damage_blocked_by_shield":170,"minecraft:mob_kills":14,"minecraft:drop":1,"minecraft:damage_dealt":2323,"minecraft:swim_one_cm":930,"minecraft:interact_with_crafting_table":8,"minecraft:fly_one_cm":71371,"minecraft:crouch_one_cm":6542,"minecraft:play_time":35844,"minecraft:sneak_time":2806,"minecraft:walk_under_water_one_cm":3332,"minecraft:jump":468,"minecraft:time_since_death":35844,"minecraft:walk_on_water_one_cm":2507,"minecraft:total_world_time":35844,"minecraft:fall_one_cm":11453},"minecraft:dropped":{"minecraft:wheat_seeds":1},"minecraft:crafted":{"minecraft:smooth_stone":3,"minecraft:oak_planks":40,"minecraft:iron_chestplate":1,"minecraft:cooked_porkchop":9,"minecraft:shield":1,"minecraft:crafting_table":2,"minecraft:stick":24,"minecraft:iron_pickaxe":1,"minecraft:iron_ingot":20,"minecraft:stone_pickaxe":1,"minecraft:furnace":2,"minecraft:blast_furnace":1,"minecraft:stone":3,"minecraft:bucket":1,"minecraft:torch":88,"minecraft:stone_axe":1,"minecraft:air":0,"minecraft:smoker":1},"minecraft:picked_up":{"minecraft:raw_iron":69,"minecraft:stick":4,"minecraft:crafting_table":4,"minecraft:torch":4,"minecraft:dripstone_block":2,"minecraft:birch_planks":1,"minecraft:porkchop":9,"minecraft:oak_log":14,"minecraft:string":1,"minecraft:dirt":13,"minecraft:bone":4,"minecraft:arrow":3,"minecraft:rotten_flesh":5,"minecraft:diamond":10,"minecraft:wheat_seeds":1,"minecraft:cobbled_deepslate":9,"minecraft:iron_ingot":1,"minecraft:granite":2,"minecraft:coal":31,"minecraft:cobblestone":53,"minecraft:furnace":2},"minecraft:killed":{"minecraft:skeleton":3,"minecraft:zombie":4,"minecraft:pig":4,"minecraft:zombie_villager":1,"minecraft:spider":2}},"DataVersion":3953}