{"stats":{"minecraft:mined":{"minecraft:birch_planks":1,"minecraft:furnace":1,"minecraft:iron_ore":20,"minecraft:crafting_table":2,"minecraft:torch":1,"minecraft:granite":2,"minecraft:short_grass":1,"minecraft:oak_log":15,"minecraft:grass_block":3,"minecraft:coal_ore":31,"minecraft:dirt":8,"minecraft:stone":26,"minecraft:oak_leaves":6,"minecraft:wall_torch":3},"minecraft:used":{"minecraft:stone_pickaxe":83,"minecraft:rotten_flesh":2,"minecraft:torch":28,"minecraft:stone_axe":24,"minecraft:crafting_table":3,"minecraft:furnace":2,"minecraft:cooked_porkchop":2},"minecraft:custom":{"minecraft:time_since_rest":23844,"minecraft:interact_with_furnace":8,"minecraft:sprint_one_cm":42181,"minecraft:damage_taken":105,"minecraft:walk_one_cm":33798,"minecraft:mob_kills":7,"minecraft:drop":1,"minecraft:damage_dealt":920,"minecraft:swim_one_cm":930,"minecraft:interact_with_crafting_table":4,"minecraft:fly_one_cm":35447,"minecraft:crouch_one_cm":2687,"minecraft:play_time":23844,"minecraft:sneak_time":1157,"minecraft:walk_under_water_one_cm":2248,"minecraft:jump":263,"minecraft:time_since_death":23844,"minecraft:walk_on_water_one_cm":1320,"minecraft:total_world_time":23844,"minecraft:fall_one_cm":6056},"minecraft:dropped":{"minecraft:wheat_seeds":1},"minecraft:crafted":{"minecraft:oak_planks":16,"minecraft:cooked_porkchop":9,"minecraft:crafting_table":2,"minecraft:stick":8,"minecraft:iron_ingot":20,"minecraft:stone_pickaxe":1,"minecraft:furnace":2,"minecraft:torch":32,"minecraft:stone_axe":1,"minecraft:air":0,"minecraft:smoker":1},"minecraft:picked_up":{"minecraft:raw_iron":20,"minecraft:stick":4,"minecraft:crafting_table":2,"minecraft:torch":4,"minecraft:birch_planks":1,"minecraft:porkchop":9,"minecraft:oak_log":14,"minecraft:string":1,"minecraft:dirt":13,"minecraft:rotten_flesh":2,"minecraft:wheat_seeds":1,"minecraft:granite":2,"minecraft:coal":31,"minecraft:cobblestone":32,"minecraft:furnace":1},"minecraft:killed":{"minecraft:zombie":1,"minecraft:pig":4,"minecraft:spider":2}},"DataVersion":3953}