{"stats":{"minecraft:mined":{"minecraft:coal_ore":22,"minecraft:short_grass":1,"minecraft:grass_block":1,"minecraft:birch_planks":1,"minecraft:oak_log":15,"minecraft:dirt":6,"minecraft:stone":10,"minecraft:oak_leaves":6,"minecraft:crafting_table":1},"minecraft:used":{"minecraft:stone_axe":13,"minecraft:crafting_table":1,"minecraft:stone_pickaxe":32,"minecraft:torch":4},"minecraft:custom":{"minecraft:time_since_rest":11844,"minecraft:play_time":11844,"minecraft:crouch_one_cm":1480,"minecraft:sprint_one_cm":15009,"minecraft:damage_taken":30,"minecraft:walk_one_cm":9820,"minecraft:sneak_time":640,"minecraft:walk_under_water_one_cm":88,"minecraft:drop":1,"minecraft:jump":118,"minecraft:walk_on_water_one_cm":529,"minecraft:time_since_death":11844,"minecraft:total_world_time":11844,"minecraft:swim_one_cm":930,"minecraft:interact_with_crafting_table":2,"minecraft:fall_one_cm":1734,"minecraft:fly_one_cm":16116},"minecraft:dropped":{"minecraft:wheat_seeds":1},"minecraft:crafted":{"minecraft:oak_planks":16,"minecraft:torch":16,"minecraft:stone_axe":1,"minecraft:crafting_table":1,"minecraft:stick":4,"minecraft:stone_pickaxe":1},"minecraft:picked_up":{"minecraft:crafting_table":1,"minecraft:stick":4,"minecraft:wheat_seeds":1,"minecraft:birch_planks":1,"minecraft:oak_log":14,"minecraft:coal":22,"minecraft:dirt":9,"minecraft:cobblestone":16}},"DataVersion":3953}