{"stats":{"minecraft:broken":{"minecraft:stone_axe":1},"minecraft:mined":{"minecraft:tuff":1,"minecraft:deepslate_diamond_ore":29,"minecraft:crafting_table":7,"minecraft:torch":1,"minecraft:granite":2,"minecraft:short_grass":3,"minecraft:blast_furnace":2,"minecraft:grass_block":3,"minecraft:wall_torch":3,"minecraft:spawner":1,"minecraft:birch_planks":1,"minecraft:furnace":2,"minecraft:iron_ore":54,"minecraft:andesite":2,"minecraft:coal_ore":68,"minecraft:oak_log":28,"minecraft:deepslate_iron_ore":18,"minecraft:dripstone_block":5,"minecraft:dirt":8,"minecraft:stone":61,"minecraft:oak_leaves":10,"minecraft:deepslate":36},"minecraft:used":{"minecraft:water_bucket":2,"minecraft:diamond_boots":1,"minecraft:stone_pickaxe":85,"minecraft:shield":43,"minecraft:rotten_flesh":9,"minecraft:torch":132,"minecraft:dirt":13,"minecraft:crafting_table":9,"minecraft:blast_furnace":2,"minecraft:dripstone_block":5,"minecraft:tuff":1,"minecraft:iron_axe":44,"minecraft:bread":1,"minecraft:iron_pickaxe":199,"minecraft:gravel":1,"minecraft:stone_axe":75,"minecraft:furnace":2,"minecraft:cooked_porkchop":9,"minecraft:andesite":2,"minecraft:bucket":5,"minecraft:cobbled_deepslate":1,"minecraft:diamond_leggings":1,"minecraft:pointed_dripstone":1},"minecraft:custom":{"minecraft:interact_with_furnace":10,"minecraft:mob_kills":39,"minecraft:interact_with_crafting_table":13,"minecraft:time_since_death":71844,"minecraft:time_since_rest":71844,"minecraft:sprint_one_cm":214146,"minecraft:damage_taken":747,"minecraft:walk_one_cm":161892,"minecraft:damage_blocked_by_shield":1218,"minecraft:drop":3,"minecraft:damage_dealt":6285,"minecraft:swim_one_cm":1295,"minecraft:fly_one_cm":191280,"minecraft:open_chest":1,"minecraft:crouch_one_cm":8820,"minecraft:play_time":71844,"minecraft:sneak_time":3940,"minecraft:walk_under_water_one_cm":6598,"minecraft:jump":1401,"minecraft:interact_with_blast_furnace":7,"minecraft:walk_on_water_one_cm":5230,"minecraft:total_world_time":71844,"minecraft:fall_one_cm":29319},"minecraft:crafted":{"minecraft:smooth_stone":3,"minecraft:oak_planks":40,"minecraft:cooked_porkchop":9,"minecraft:crafting_table":3,"minecraft:furnace":2,"minecraft:blast_furnace":1,"minecraft:stone":3,"minecraft:bucket":2,"minecraft:stone_axe":1,"minecraft:air":0,"minecraft:diamond_helmet":1,"minecraft:diamond_leggings":1,"minecraft:iron_chestplate":1,"minecraft:shield":1,"minecraft:iron_axe":1,"minecraft:stick":36,"minecraft:iron_ingot":71,"minecraft:iron_pickaxe":1,"minecraft:stone_pickaxe":1,"minecraft:diamond_boots":1,"minecraft:torch":128,"minecraft:diamond_chestplate":1,"minecraft:smoker":1},"minecraft:dropped":{"minecraft:iron_ingot":23,"minecraft:wheat_seeds":1,"minecraft:iron_chestplate":1},"minecraft:picked_up":{"minecraft:crafting_table":7,"minecraft:glow_ink_sac":3,"minecraft:andesite":2,"minecraft:birch_planks":1,"minecraft:tuff":1,"minecraft:oak_log":27,"minecraft:dirt":13,"minecraft:string":3,"minecraft:bone":22,"minecraft:apple":1,"minecraft:wheat_seeds":1,"minecraft:cobbled_deepslate":39,"minecraft:iron_ingot":1,"minecraft:furnace":2,"minecraft:stick":6,"minecraft:raw_iron":71,"minecraft:torch":4,"minecraft:gravel":1,"minecraft:dripstone_block":5,"minecraft:porkchop":15,"minecraft:blast_furnace":2,"minecraft:pointed_dripstone":1,"minecraft:arrow":14,"minecraft:rotten_flesh":9,"minecraft:diamond":29,"minecraft:granite":2,"minecraft:oak_sapling":1,"minecraft:coal":68,"minecraft:cobblestone":66},"minecraft:killed":{"minecraft:pig":7,"minecraft:zombie_villager":1,"minecraft:spider":4,"minecraft:skeleton":15,"minecraft:zombie":12}},"DataVersion":3953}