{"stats":{"minecraft:crafted":{"minecraft:cooked_beef":8,"minecraft:wooden_sword":1,"minecraft:cooked_porkchop":6,"minecraft:crafting_table":1,"minecraft:cooked_chicken":9,"minecraft:wooden_pickaxe":2,"minecraft:furnace":2,"minecraft:leather_helmet":1,"minecraft:birch_planks":160,"minecraft:cooked_mutton":4,"minecraft:air":0,"minecraft:bow":1,"minecraft:iron_chestplate":1,"minecraft:iron_axe":1,"minecraft:birch_fence":9,"minecraft:stick":52,"minecraft:iron_ingot":14,"minecraft:iron_pickaxe":1,"minecraft:stone_pickaxe":2,"minecraft:stone_sword":2,"minecraft:chest":1,"minecraft:birch_door":3,"minecraft:torch":52,"minecraft:lead":2},"minecraft:broken":{"minecraft:stone_sword":1},"minecraft:mined":{"minecraft:flowering_azalea":1,"minecraft:glow_lichen":1,"minecraft:crafting_table":2,"minecraft:torch":6,"minecraft:cave_vines_plant":3,"minecraft:short_grass":22,"minecraft:blast_furnace":1,"minecraft:grass_block":9,"minecraft:chest":1,"minecraft:redstone_wire":2,"minecraft:copper_ore":2,"minecraft:cobblestone":3,"minecraft:lapis_ore":6,"minecraft:moss_block":1,"minecraft:wall_torch":4,"minecraft:diorite":7,"minecraft:redstone_ore":8,"minecraft:iron_ore":4,"minecraft:birch_log":31,"minecraft:fire":2,"minecraft:andesite":19,"minecraft:pumpkin":7,"minecraft:deepslate_lapis_ore":2,"minecraft:coal_ore":38,"minecraft:cave_vines":13,"minecraft:cocoa":4,"minecraft:vine":1,"minecraft:dirt":11,"minecraft:cobweb":1,"minecraft:stone":93,"minecraft:gold_ore":2,"minecraft:deepslate":1,"minecraft:fern":2},"minecraft:dropped":{"minecraft:birch_planks":58,"minecraft:rotten_flesh":2,"minecraft:coal":14,"minecraft:torch":14,"minecraft:stone_pickaxe":1,"minecraft:string":6},"minecraft:custom":{"minecraft:interact_with_furnace":81,"minecraft:mob_kills":69,"minecraft:animals_bred":1,"minecraft:interact_with_crafting_table":56,"minecraft:leave_game":1,"minecraft:time_since_death":82807,"minecraft:climb_one_cm":1342,"minecraft:time_since_rest":82903,"minecraft:sprint_one_cm":276936,"minecraft:damage_taken":4051,"minecraft:walk_one_cm":695666,"minecraft:drop":25,"minecraft:damage_dealt":10716,"minecraft:damage_dealt_absorbed":78,"minecraft:swim_one_cm":1046,"minecraft:player_kills":1,"minecraft:fly_one_cm":441208,"minecraft:open_chest":32,"minecraft:crouch_one_cm":12044,"minecraft:play_time":163652,"minecraft:sneak_time":5340,"minecraft:deaths":7,"minecraft:walk_under_water_one_cm":16911,"minecraft:jump":3630,"minecraft:interact_with_blast_furnace":15,"minecraft:walk_on_water_one_cm":20450,"minecraft:total_world_time":163652,"minecraft:fall_one_cm":89194},"minecraft:killed":{"minecraft:pig":5,"minecraft:spider":8,"minecraft:bat":2,"minecraft:slime":4,"minecraft:creeper":8,"minecraft:sheep":2,"minecraft:skeleton":8,"minecraft:zombie":12,"minecraft:chicken":9,"minecraft:cow":7},"minecraft:picked_up":{"minecraft:wooden_axe":2,"minecraft:birch_log":40,"minecraft:birch_door":1,"minecraft:cocoa_beans":12,"minecraft:crafting_table":2,"minecraft:iron_chestplate":1,"minecraft:feather":10,"minecraft:cooked_beef":2,"minecraft:chicken":9,"minecraft:andesite":37,"minecraft:leather":11,"minecraft:lead":4,"minecraft:filled_map":1,"minecraft:wooden_pickaxe":1,"minecraft:birch_planks":137,"minecraft:potion":2,"minecraft:enchanted_book":3,"minecraft:gunpowder":20,"minecraft:lapis_lazuli":42,"minecraft:string":15,"minecraft:dirt":85,"minecraft:raw_copper":6,"minecraft:bone":23,"minecraft:wheat_seeds":3,"minecraft:cobbled_deepslate":4,"minecraft:raw_gold":4,"minecraft:iron_ingot":13,"minecraft:beef":16,"minecraft:stone_pickaxe":3,"minecraft:iron_pickaxe":1,"minecraft:chest":1,"minecraft:birch_sapling":2,"minecraft:iron_sword":1,"minecraft:flowering_azalea":1,"minecraft:egg":2,"minecraft:raw_iron":27,"minecraft:stick":1,"minecraft:pumpkin":7,"minecraft:torch":29,"minecraft:gravel":1,"minecraft:porkchop":12,"minecraft:blast_furnace":1,"minecraft:diorite":10,"minecraft:redstone":81,"minecraft:spider_eye":1,"minecraft:slime_ball":2,"minecraft:stone_sword":1,"minecraft:arrow":13,"minecraft:rotten_flesh":32,"minecraft:iron_helmet":1,"minecraft:granite":2,"minecraft:glow_berries":7,"minecraft:mutton":6,"minecraft:coal":52,"minecraft:white_wool":3,"minecraft:cobblestone":119},"minecraft:killed_by":{"minecraft:skeleton":1,"minecraft:creeper":2,"minecraft:zombie":4},"minecraft:used":{"minecraft:cooked_mutton":2,"minecraft:diorite":7,"minecraft:stone_sword":210,"minecraft:birch_planks":5,"minecraft:stone_pickaxe":46,"minecraft:redstone":2,"minecraft:chest":2,"minecraft:wooden_pickaxe":82,"minecraft:iron_sword":93,"minecraft:cooked_chicken":9,"minecraft:iron_chestplate":1,"minecraft:torch":57,"minecraft:glow_berries":6,"minecraft:dirt":16,"minecraft:crafting_table":3,"minecraft:blast_furnace":1,"minecraft:birch_fence":9,"minecraft:birch_door":2,"minecraft:iron_axe":6,"minecraft:iron_pickaxe":94,"minecraft:wooden_sword":35,"minecraft:cobblestone":40,"minecraft:furnace":2,"minecraft:cooked_porkchop":6,"minecraft:andesite":3,"minecraft:cooked_beef":10,"minecraft:pumpkin":2}},"DataVersion":3953}