{"stats":{"minecraft:used":{"minecraft:diorite":7,"minecraft:stone_sword":210,"minecraft:birch_planks":1,"minecraft:redstone":2,"minecraft:stone_pickaxe":46,"minecraft:chest":2,"minecraft:wooden_pickaxe":82,"minecraft:iron_sword":4,"minecraft:iron_chestplate":1,"minecraft:torch":29,"minecraft:glow_berries":6,"minecraft:dirt":16,"minecraft:crafting_table":2,"minecraft:iron_pickaxe":59,"minecraft:wooden_sword":35,"minecraft:cobblestone":40,"minecraft:furnace":2,"minecraft:cooked_porkchop":6,"minecraft:andesite":3,"minecraft:cooked_beef":10,"minecraft:pumpkin":2},"minecraft:picked_up":{"minecraft:wooden_axe":1,"minecraft:birch_log":28,"minecraft:cocoa_beans":12,"minecraft:iron_chestplate":1,"minecraft:crafting_table":1,"minecraft:feather":4,"minecraft:cooked_beef":2,"minecraft:chicken":5,"minecraft:andesite":37,"minecraft:leather":11,"minecraft:wooden_pickaxe":1,"minecraft:enchanted_book":2,"minecraft:birch_planks":73,"minecraft:potion":2,"minecraft:gunpowder":13,"minecraft:lapis_lazuli":42,"minecraft:dirt":60,"minecraft:string":5,"minecraft:raw_copper":6,"minecraft:bone":13,"minecraft:wheat_seeds":2,"minecraft:cobbled_deepslate":2,"minecraft:raw_gold":4,"minecraft:iron_ingot":4,"minecraft:beef":16,"minecraft:stone_pickaxe":2,"minecraft:iron_pickaxe":1,"minecraft:iron_sword":1,"minecraft:chest":1,"minecraft:birch_sapling":2,"minecraft:flowering_azalea":1,"minecraft:egg":1,"minecraft:stick":1,"minecraft:raw_iron":8,"minecraft:pumpkin":7,"minecraft:torch":29,"minecraft:porkchop":12,"minecraft:diorite":10,"minecraft:redstone":76,"minecraft:stone_sword":1,"minecraft:arrow":11,"minecraft:rotten_flesh":26,"minecraft:iron_helmet":1,"minecraft:mutton":2,"minecraft:glow_berries":7,"minecraft:coal":34,"minecraft:white_wool":1,"minecraft:cobblestone":106},"minecraft:broken":{"minecraft:stone_sword":1},"minecraft:mined":{"minecraft:flowering_azalea":1,"minecraft:glow_lichen":1,"minecraft:crafting_table":1,"minecraft:torch":6,"minecraft:cave_vines_plant":3,"minecraft:short_grass":16,"minecraft:grass_block":5,"minecraft:chest":1,"minecraft:redstone_wire":2,"minecraft:copper_ore":2,"minecraft:cobblestone":3,"minecraft:lapis_ore":6,"minecraft:moss_block":1,"minecraft:diorite":7,"minecraft:wall_torch":4,"minecraft:redstone_ore":8,"minecraft:iron_ore":4,"minecraft:birch_log":22,"minecraft:fire":2,"minecraft:andesite":19,"minecraft:pumpkin":7,"minecraft:deepslate_lapis_ore":2,"minecraft:vine":1,"minecraft:cocoa":4,"minecraft:cave_vines":12,"minecraft:coal_ore":20,"minecraft:dirt":4,"minecraft:cobweb":1,"minecraft:stone":81,"minecraft:gold_ore":2,"minecraft:deepslate":1,"minecraft:fern":2},"minecraft:dropped":{"minecraft:rotten_flesh":2,"minecraft:torch":14,"minecraft:stone_pickaxe":1},"minecraft:killed_by":{"minecraft:skeleton":1,"minecraft:creeper":2,"minecraft:zombie":4},"minecraft:custom":{"minecraft:interact_with_furnace":56,"minecraft:mob_kills":43,"minecraft:interact_with_crafting_table":37,"minecraft:time_since_death":2795,"minecraft:climb_one_cm":599,"minecraft:time_since_rest":2891,"minecraft:sprint_one_cm":217912,"minecraft:damage_taken":3546,"minecraft:walk_one_cm":298957,"minecraft:drop":17,"minecraft:damage_dealt":7242,"minecraft:damage_dealt_absorbed":78,"minecraft:swim_one_cm":1046,"minecraft:player_kills":1,"minecraft:fly_one_cm":303617,"minecraft:open_chest":14,"minecraft:crouch_one_cm":10832,"minecraft:play_time":83640,"minecraft:deaths":7,"minecraft:sneak_time":4689,"minecraft:walk_under_water_one_cm":7348,"minecraft:jump":2089,"minecraft:interact_with_blast_furnace":6,"minecraft:walk_on_water_one_cm":13008,"minecraft:total_world_time":83640,"minecraft:fall_one_cm":55399},"minecraft:killed":{"minecraft:pig":5,"minecraft:bat":1,"minecraft:spider":2,"minecraft:creeper":4,"minecraft:skeleton":5,"minecraft:zombie":10,"minecraft:chicken":5,"minecraft:cow":7},"minecraft:crafted":{"minecraft:cooked_beef":8,"minecraft:wooden_sword":1,"minecraft:cooked_porkchop":6,"minecraft:crafting_table":1,"minecraft:wooden_pickaxe":2,"minecraft:furnace":2,"minecraft:leather_helmet":1,"minecraft:birch_planks":112,"minecraft:air":0,"minecraft:iron_chestplate":1,"minecraft:stick":24,"minecraft:iron_ingot":14,"minecraft:iron_pickaxe":1,"minecraft:stone_pickaxe":2,"minecraft:stone_sword":2,"minecraft:chest":1,"minecraft:torch":28}},"DataVersion":3953}