{"stats":{"minecraft:picked_up":{"minecraft:birch_log":13,"minecraft:crafting_table":6,"minecraft:feather":12,"minecraft:cooked_beef":3,"minecraft:chicken":6,"minecraft:andesite":2,"minecraft:leather":20,"minecraft:wooden_pickaxe":2,"minecraft:potato":12,"minecraft:birch_planks":97,"minecraft:flint":1,"minecraft:oak_log":2,"minecraft:dirt":90,"minecraft:string":10,"minecraft:raw_copper":8,"minecraft:cooked_mutton":3,"minecraft:bone":11,"minecraft:apple":8,"minecraft:wheat_seeds":7,"minecraft:gold_nugget":2,"minecraft:iron_ingot":7,"minecraft:beef":30,"minecraft:stone_pickaxe":1,"minecraft:cooked_chicken":7,"minecraft:cobblestone_slab":1,"minecraft:iron_pickaxe":1,"minecraft:iron_sword":1,"minecraft:egg":5,"minecraft:furnace":4,"minecraft:stick":2,"minecraft:raw_iron":46,"minecraft:cooked_porkchop":5,"minecraft:torch":12,"minecraft:gravel":2,"minecraft:porkchop":7,"minecraft:blast_furnace":3,"minecraft:spider_eye":6,"minecraft:stone_sword":3,"minecraft:arrow":22,"minecraft:rotten_flesh":36,"minecraft:hay_block":26,"minecraft:granite":15,"minecraft:bread":4,"minecraft:emerald":4,"minecraft:mutton":6,"minecraft:bricks":1,"minecraft:coal":268,"minecraft:white_wool":6,"minecraft:cobblestone":300},"minecraft:crafted":{"minecraft:cooked_beef":16,"minecraft:cobblestone_slab":6,"minecraft:cooked_porkchop":2,"minecraft:crafting_table":1,"minecraft:iron_helmet":2,"minecraft:wooden_pickaxe":1,"minecraft:cooked_chicken":1,"minecraft:iron_sword":1,"minecraft:furnace":1,"minecraft:birch_planks":52,"minecraft:cooked_mutton":6,"minecraft:air":0,"minecraft:bow":1,"minecraft:iron_chestplate":1,"minecraft:iron_boots":1,"minecraft:stick":68,"minecraft:iron_ingot":34,"minecraft:iron_pickaxe":1,"minecraft:stone_pickaxe":2,"minecraft:stone_sword":2,"minecraft:iron_leggings":1,"minecraft:white_bed":1,"minecraft:torch":176},"minecraft:custom":{"minecraft:interact_with_furnace":16,"minecraft:mob_kills":50,"minecraft:interact_with_crafting_table":25,"minecraft:leave_game":1,"minecraft:time_since_death":29935,"minecraft:climb_one_cm":436,"minecraft:time_since_rest":29971,"minecraft:sprint_one_cm":202486,"minecraft:damage_taken":2356,"minecraft:walk_one_cm":365244,"minecraft:drop":11,"minecraft:damage_dealt":7395,"minecraft:swim_one_cm":6876,"minecraft:talked_to_villager":4,"minecraft:fly_one_cm":363148,"minecraft:open_chest":2,"minecraft:crouch_one_cm":2318,"minecraft:play_time":94422,"minecraft:deaths":3,"minecraft:sneak_time":1163,"minecraft:walk_under_water_one_cm":10706,"minecraft:jump":2559,"minecraft:interact_with_blast_furnace":17,"minecraft:walk_on_water_one_cm":8521,"minecraft:total_world_time":94422,"minecraft:fall_one_cm":63949},"minecraft:mined":{"minecraft:crafting_table":4,"minecraft:granite":8,"minecraft:short_grass":10,"minecraft:blast_furnace":3,"minecraft:grass_block":20,"minecraft:tall_grass":1,"minecraft:copper_ore":1,"minecraft:bricks":1,"minecraft:diorite":5,"minecraft:wall_torch":1,"minecraft:hay_block":13,"minecraft:furnace":3,"minecraft:birch_log":13,"minecraft:iron_ore":37,"minecraft:andesite":5,"minecraft:yellow_bed":1,"minecraft:coal_ore":135,"minecraft:gravel":4,"minecraft:dirt":21,"minecraft:stone":186,"minecraft:oak_leaves":1},"minecraft:broken":{"minecraft:stone_pickaxe":1,"minecraft:iron_pickaxe":1},"minecraft:killed":{"minecraft:pig":1,"minecraft:zombie_villager":1,"minecraft:spider":5,"minecraft:bat":1,"minecraft:creeper":1,"minecraft:sheep":2,"minecraft:skeleton":7,"minecraft:zombie":14,"minecraft:chicken":5,"minecraft:cow":7},"minecraft:used":{"minecraft:cooked_mutton":3,"minecraft:stone_sword":84,"minecraft:birch_planks":2,"minecraft:stone_pickaxe":144,"minecraft:wooden_pickaxe":38,"minecraft:iron_sword":106,"minecraft:cobblestone_slab":5,"minecraft:torch":102,"minecraft:dirt":2,"minecraft:crafting_table":5,"minecraft:blast_furnace":2,"minecraft:white_bed":1,"minecraft:apple":4,"minecraft:iron_pickaxe":250,"minecraft:cobblestone":18,"minecraft:hay_block":1,"minecraft:furnace":3,"minecraft:cooked_porkchop":2,"minecraft:cooked_beef":16},"minecraft:dropped":{"minecraft:gravel":2,"minecraft:bricks":1,"minecraft:wheat_seeds":3,"minecraft:oak_log":1,"minecraft:stone_sword":2,"minecraft:feather":6,"minecraft:iron_helmet":1,"minecraft:rotten_flesh":16,"minecraft:poppy":1,"minecraft:cobblestone_slab":1},"minecraft:killed_by":{"minecraft:creeper":1,"minecraft:zombie":2}},"DataVersion":3953}