{"stats":{"minecraft:used":{"minecraft:diorite":7,"minecraft:stone_sword":13,"minecraft:stone_pickaxe":31,"minecraft:wooden_pickaxe":82,"minecraft:torch":14,"minecraft:wooden_sword":35,"minecraft:cobblestone":40,"minecraft:crafting_table":2,"minecraft:furnace":1,"minecraft:cooked_beef":4},"minecraft:picked_up":{"minecraft:birch_log":17,"minecraft:crafting_table":1,"minecraft:cooked_beef":2,"minecraft:andesite":4,"minecraft:leather":6,"minecraft:torch":2,"minecraft:wooden_pickaxe":1,"minecraft:birch_planks":1,"minecraft:enchanted_book":2,"minecraft:diorite":10,"minecraft:string":1,"minecraft:dirt":28,"minecraft:raw_copper":6,"minecraft:stone_sword":1,"minecraft:bone":1,"minecraft:arrow":1,"minecraft:stone_pickaxe":1,"minecraft:beef":9,"minecraft:coal":27,"minecraft:cobblestone":92},"minecraft:mined":{"minecraft:birch_log":15,"minecraft:fire":2,"minecraft:andesite":2,"minecraft:torch":1,"minecraft:crafting_table":1,"minecraft:short_grass":3,"minecraft:grass_block":5,"minecraft:coal_ore":20,"minecraft:dirt":2,"minecraft:cobblestone":3,"minecraft:cobweb":1,"minecraft:copper_ore":2,"minecraft:stone":73,"minecraft:diorite":7,"minecraft:fern":1},"minecraft:killed_by":{"minecraft:skeleton":1,"minecraft:creeper":1},"minecraft:custom":{"minecraft:time_since_rest":1004,"minecraft:interact_with_furnace":14,"minecraft:sprint_one_cm":44111,"minecraft:damage_taken":978,"minecraft:walk_one_cm":74731,"minecraft:mob_kills":7,"minecraft:damage_dealt":1381,"minecraft:interact_with_crafting_table":19,"minecraft:fly_one_cm":70839,"minecraft:deaths":2,"minecraft:crouch_one_cm":9363,"minecraft:play_time":29640,"minecraft:sneak_time":4199,"minecraft:jump":623,"minecraft:time_since_death":910,"minecraft:total_world_time":29640,"minecraft:fall_one_cm":12855},"minecraft:killed":{"minecraft:skeleton":2,"minecraft:cow":4},"minecraft:crafted":{"minecraft:cooked_beef":2,"minecraft:wooden_sword":1,"minecraft:crafting_table":1,"minecraft:stick":16,"minecraft:wooden_pickaxe":2,"minecraft:stone_pickaxe":2,"minecraft:stone_sword":1,"minecraft:furnace":1,"minecraft:leather_helmet":1,"minecraft:torch":12,"minecraft:birch_planks":56}},"DataVersion":3953}