{"stats":{"minecraft:crafted":{"minecraft:cooked_beef":8,"minecraft:wooden_sword":1,"minecraft:cooked_porkchop":6,"minecraft:crafting_table":1,"minecraft:cooked_chicken":5,"minecraft:wooden_pickaxe":2,"minecraft:furnace":2,"minecraft:leather_helmet":1,"minecraft:birch_planks":136,"minecraft:cooked_mutton":4,"minecraft:air":0,"minecraft:iron_chestplate":1,"minecraft:stick":36,"minecraft:iron_ingot":14,"minecraft:iron_pickaxe":1,"minecraft:stone_pickaxe":2,"minecraft:stone_sword":2,"minecraft:chest":1,"minecraft:birch_door":3,"minecraft:torch":52},"minecraft:broken":{"minecraft:stone_sword":1},"minecraft:mined":{"minecraft:flowering_azalea":1,"minecraft:glow_lichen":1,"minecraft:crafting_table":2,"minecraft:torch":6,"minecraft:cave_vines_plant":3,"minecraft:short_grass":17,"minecraft:blast_furnace":1,"minecraft:grass_block":6,"minecraft:chest":1,"minecraft:redstone_wire":2,"minecraft:copper_ore":2,"minecraft:cobblestone":3,"minecraft:lapis_ore":6,"minecraft:moss_block":1,"minecraft:wall_torch":4,"minecraft:diorite":7,"minecraft:redstone_ore":8,"minecraft:iron_ore":4,"minecraft:birch_log":25,"minecraft:fire":2,"minecraft:andesite":19,"minecraft:pumpkin":7,"minecraft:deepslate_lapis_ore":2,"minecraft:coal_ore":20,"minecraft:cave_vines":13,"minecraft:cocoa":4,"minecraft:vine":1,"minecraft:dirt":8,"minecraft:cobweb":1,"minecraft:stone":84,"minecraft:gold_ore":2,"minecraft:deepslate":1,"minecraft:fern":2},"minecraft:dropped":{"minecraft:rotten_flesh":2,"minecraft:torch":14,"minecraft:stone_pickaxe":1},"minecraft:custom":{"minecraft:interact_with_furnace":72,"minecraft:mob_kills":51,"minecraft:animals_bred":1,"minecraft:interact_with_crafting_table":44,"minecraft:leave_game":1,"minecraft:time_since_death":46807,"minecraft:climb_one_cm":1068,"minecraft:time_since_rest":46903,"minecraft:sprint_one_cm":248943,"minecraft:damage_taken":3891,"minecraft:walk_one_cm":434383,"minecraft:drop":17,"minecraft:damage_dealt":8716,"minecraft:damage_dealt_absorbed":78,"minecraft:swim_one_cm":1046,"minecraft:player_kills":1,"minecraft:fly_one_cm":365216,"minecraft:open_chest":24,"minecraft:crouch_one_cm":11474,"minecraft:play_time":127652,"minecraft:sneak_time":5046,"minecraft:deaths":7,"minecraft:walk_under_water_one_cm":16111,"minecraft:jump":2602,"minecraft:interact_with_blast_furnace":9,"minecraft:walk_on_water_one_cm":16346,"minecraft:total_world_time":127652,"minecraft:fall_one_cm":68004},"minecraft:killed":{"minecraft:pig":5,"minecraft:spider":4,"minecraft:bat":1,"minecraft:creeper":6,"minecraft:sheep":1,"minecraft:skeleton":8,"minecraft:zombie":10,"minecraft:chicken":5,"minecraft:cow":7},"minecraft:picked_up":{"minecraft:wooden_axe":2,"minecraft:birch_log":34,"minecraft:cocoa_beans":12,"minecraft:crafting_table":2,"minecraft:iron_chestplate":1,"minecraft:feather":4,"minecraft:cooked_beef":2,"minecraft:chicken":5,"minecraft:andesite":37,"minecraft:leather":11,"minecraft:wooden_pickaxe":1,"minecraft:birch_planks":137,"minecraft:potion":2,"minecraft:enchanted_book":2,"minecraft:gunpowder":18,"minecraft:lapis_lazuli":42,"minecraft:string":12,"minecraft:dirt":65,"minecraft:raw_copper":6,"minecraft:bone":23,"minecraft:wheat_seeds":2,"minecraft:cobbled_deepslate":4,"minecraft:raw_gold":4,"minecraft:iron_ingot":13,"minecraft:beef":16,"minecraft:stone_pickaxe":3,"minecraft:iron_pickaxe":1,"minecraft:chest":1,"minecraft:birch_sapling":2,"minecraft:iron_sword":1,"minecraft:flowering_azalea":1,"minecraft:egg":1,"minecraft:raw_iron":27,"minecraft:stick":1,"minecraft:pumpkin":7,"minecraft:torch":29,"minecraft:gravel":1,"minecraft:porkchop":12,"minecraft:blast_furnace":1,"minecraft:diorite":10,"minecraft:redstone":81,"minecraft:stone_sword":1,"minecraft:arrow":13,"minecraft:rotten_flesh":30,"minecraft:iron_helmet":1,"minecraft:granite":2,"minecraft:glow_berries":7,"minecraft:mutton":4,"minecraft:coal":34,"minecraft:white_wool":2,"minecraft:cobblestone":110},"minecraft:killed_by":{"minecraft:skeleton":1,"minecraft:creeper":2,"minecraft:zombie":4},"minecraft:used":{"minecraft:cooked_mutton":2,"minecraft:diorite":7,"minecraft:stone_sword":210,"minecraft:birch_planks":5,"minecraft:stone_pickaxe":46,"minecraft:redstone":2,"minecraft:chest":2,"minecraft:wooden_pickaxe":82,"minecraft:iron_sword":39,"minecraft:cooked_chicken":5,"minecraft:iron_chestplate":1,"minecraft:torch":46,"minecraft:glow_berries":6,"minecraft:dirt":16,"minecraft:crafting_table":3,"minecraft:blast_furnace":1,"minecraft:birch_door":2,"minecraft:iron_pickaxe":67,"minecraft:wooden_sword":35,"minecraft:cobblestone":40,"minecraft:furnace":2,"minecraft:cooked_porkchop":6,"minecraft:andesite":3,"minecraft:cooked_beef":10,"minecraft:pumpkin":2}},"DataVersion":3953}