{"stats":{"minecraft:picked_up":{"minecraft:birch_log":13,"minecraft:crafting_table":6,"minecraft:feather":12,"minecraft:cooked_beef":3,"minecraft:chicken":6,"minecraft:leather":20,"minecraft:wooden_pickaxe":2,"minecraft:potato":12,"minecraft:birch_planks":97,"minecraft:flint":1,"minecraft:oak_log":2,"minecraft:dirt":90,"minecraft:string":10,"minecraft:raw_copper":8,"minecraft:cooked_mutton":3,"minecraft:bone":11,"minecraft:apple":8,"minecraft:wheat_seeds":7,"minecraft:gold_nugget":2,"minecraft:iron_ingot":7,"minecraft:beef":30,"minecraft:stone_pickaxe":1,"minecraft:cooked_chicken":7,"minecraft:cobblestone_slab":1,"minecraft:iron_pickaxe":1,"minecraft:iron_sword":1,"minecraft:egg":5,"minecraft:furnace":4,"minecraft:stick":2,"minecraft:raw_iron":38,"minecraft:cooked_porkchop":5,"minecraft:torch":12,"minecraft:gravel":2,"minecraft:porkchop":7,"minecraft:blast_furnace":2,"minecraft:spider_eye":6,"minecraft:stone_sword":3,"minecraft:arrow":22,"minecraft:rotten_flesh":36,"minecraft:hay_block":26,"minecraft:granite":10,"minecraft:bread":4,"minecraft:emerald":4,"minecraft:mutton":6,"minecraft:bricks":1,"minecraft:coal":257,"minecraft:white_wool":6,"minecraft:cobblestone":279},"minecraft:crafted":{"minecraft:cooked_beef":16,"minecraft:cobblestone_slab":6,"minecraft:cooked_porkchop":2,"minecraft:crafting_table":1,"minecraft:wooden_pickaxe":1,"minecraft:cooked_chicken":1,"minecraft:iron_sword":1,"minecraft:furnace":1,"minecraft:birch_planks":52,"minecraft:cooked_mutton":6,"minecraft:air":0,"minecraft:stick":36,"minecraft:iron_ingot":10,"minecraft:iron_pickaxe":1,"minecraft:stone_pickaxe":1,"minecraft:stone_sword":2,"minecraft:white_bed":1,"minecraft:torch":92},"minecraft:custom":{"minecraft:interact_with_furnace":16,"minecraft:mob_kills":48,"minecraft:interact_with_crafting_table":9,"minecraft:leave_game":1,"minecraft:time_since_death":17935,"minecraft:climb_one_cm":436,"minecraft:time_since_rest":17971,"minecraft:sprint_one_cm":201571,"minecraft:damage_taken":2356,"minecraft:walk_one_cm":316152,"minecraft:drop":9,"minecraft:damage_dealt":7185,"minecraft:swim_one_cm":6876,"minecraft:talked_to_villager":4,"minecraft:fly_one_cm":361492,"minecraft:open_chest":2,"minecraft:crouch_one_cm":2240,"minecraft:play_time":82422,"minecraft:deaths":3,"minecraft:sneak_time":1142,"minecraft:walk_under_water_one_cm":10706,"minecraft:jump":2384,"minecraft:interact_with_blast_furnace":3,"minecraft:walk_on_water_one_cm":8330,"minecraft:total_world_time":82422,"minecraft:fall_one_cm":62426},"minecraft:mined":{"minecraft:crafting_table":4,"minecraft:granite":3,"minecraft:short_grass":10,"minecraft:blast_furnace":2,"minecraft:grass_block":20,"minecraft:tall_grass":1,"minecraft:copper_ore":1,"minecraft:bricks":1,"minecraft:diorite":2,"minecraft:wall_torch":1,"minecraft:hay_block":13,"minecraft:furnace":3,"minecraft:birch_log":13,"minecraft:iron_ore":29,"minecraft:andesite":3,"minecraft:yellow_bed":1,"minecraft:coal_ore":124,"minecraft:gravel":4,"minecraft:dirt":21,"minecraft:stone":162,"minecraft:oak_leaves":1},"minecraft:broken":{"minecraft:stone_pickaxe":1},"minecraft:killed":{"minecraft:pig":1,"minecraft:zombie_villager":1,"minecraft:spider":4,"minecraft:creeper":1,"minecraft:sheep":2,"minecraft:skeleton":7,"minecraft:zombie":14,"minecraft:chicken":5,"minecraft:cow":7},"minecraft:used":{"minecraft:cooked_mutton":3,"minecraft:stone_sword":84,"minecraft:birch_planks":2,"minecraft:stone_pickaxe":130,"minecraft:wooden_pickaxe":38,"minecraft:iron_sword":100,"minecraft:cobblestone_slab":5,"minecraft:torch":73,"minecraft:dirt":2,"minecraft:crafting_table":4,"minecraft:blast_furnace":1,"minecraft:white_bed":1,"minecraft:apple":3,"minecraft:iron_pickaxe":210,"minecraft:cobblestone":13,"minecraft:furnace":3,"minecraft:cooked_porkchop":2,"minecraft:cooked_beef":16},"minecraft:dropped":{"minecraft:gravel":2,"minecraft:bricks":1,"minecraft:wheat_seeds":3,"minecraft:oak_log":1,"minecraft:stone_sword":2,"minecraft:rotten_flesh":16,"minecraft:poppy":1,"minecraft:cobblestone_slab":1},"minecraft:killed_by":{"minecraft:creeper":1,"minecraft:zombie":2}},"DataVersion":3953}