{"stats":{"minecraft:picked_up":{"minecraft:birch_log":13,"minecraft:crafting_table":5,"minecraft:feather":12,"minecraft:cooked_beef":3,"minecraft:chicken":6,"minecraft:leather":20,"minecraft:wooden_pickaxe":2,"minecraft:potato":12,"minecraft:birch_planks":97,"minecraft:oak_log":2,"minecraft:dirt":88,"minecraft:string":10,"minecraft:raw_copper":6,"minecraft:cooked_mutton":3,"minecraft:bone":11,"minecraft:apple":8,"minecraft:wheat_seeds":7,"minecraft:gold_nugget":2,"minecraft:iron_ingot":7,"minecraft:beef":30,"minecraft:stone_pickaxe":1,"minecraft:cooked_chicken":7,"minecraft:cobblestone_slab":1,"minecraft:iron_pickaxe":1,"minecraft:iron_sword":1,"minecraft:egg":5,"minecraft:furnace":4,"minecraft:stick":2,"minecraft:raw_iron":26,"minecraft:cooked_porkchop":5,"minecraft:torch":11,"minecraft:gravel":2,"minecraft:porkchop":7,"minecraft:blast_furnace":2,"minecraft:spider_eye":6,"minecraft:stone_sword":3,"minecraft:arrow":21,"minecraft:rotten_flesh":34,"minecraft:hay_block":26,"minecraft:granite":4,"minecraft:bread":4,"minecraft:emerald":4,"minecraft:mutton":6,"minecraft:bricks":1,"minecraft:coal":204,"minecraft:white_wool":6,"minecraft:cobblestone":244},"minecraft:crafted":{"minecraft:cooked_beef":16,"minecraft:cobblestone_slab":6,"minecraft:cooked_porkchop":2,"minecraft:crafting_table":1,"minecraft:wooden_pickaxe":1,"minecraft:cooked_chicken":1,"minecraft:iron_sword":1,"minecraft:furnace":1,"minecraft:birch_planks":52,"minecraft:cooked_mutton":6,"minecraft:air":0,"minecraft:stick":16,"minecraft:iron_ingot":10,"minecraft:iron_pickaxe":1,"minecraft:stone_pickaxe":1,"minecraft:stone_sword":2,"minecraft:torch":28},"minecraft:custom":{"minecraft:interact_with_furnace":16,"minecraft:mob_kills":45,"minecraft:interact_with_crafting_table":8,"minecraft:leave_game":1,"minecraft:time_since_death":5935,"minecraft:time_since_rest":5971,"minecraft:sprint_one_cm":191026,"minecraft:damage_taken":1963,"minecraft:walk_one_cm":251465,"minecraft:drop":7,"minecraft:damage_dealt":6483,"minecraft:swim_one_cm":6050,"minecraft:talked_to_villager":4,"minecraft:fly_one_cm":346976,"minecraft:open_chest":2,"minecraft:crouch_one_cm":1977,"minecraft:play_time":70422,"minecraft:deaths":3,"minecraft:sneak_time":976,"minecraft:walk_under_water_one_cm":9106,"minecraft:jump":2235,"minecraft:interact_with_blast_furnace":3,"minecraft:walk_on_water_one_cm":7260,"minecraft:total_world_time":70422,"minecraft:fall_one_cm":58618},"minecraft:mined":{"minecraft:crafting_table":3,"minecraft:granite":2,"minecraft:short_grass":10,"minecraft:blast_furnace":2,"minecraft:grass_block":19,"minecraft:tall_grass":1,"minecraft:copper_ore":1,"minecraft:bricks":1,"minecraft:wall_torch":1,"minecraft:hay_block":13,"minecraft:furnace":3,"minecraft:birch_log":13,"minecraft:iron_ore":18,"minecraft:yellow_bed":1,"minecraft:coal_ore":70,"minecraft:gravel":2,"minecraft:dirt":20,"minecraft:stone":130,"minecraft:oak_leaves":1},"minecraft:broken":{"minecraft:stone_pickaxe":1},"minecraft:killed":{"minecraft:pig":1,"minecraft:zombie_villager":1,"minecraft:spider":4,"minecraft:sheep":2,"minecraft:skeleton":6,"minecraft:zombie":13,"minecraft:chicken":5,"minecraft:cow":7},"minecraft:used":{"minecraft:cooked_mutton":3,"minecraft:stone_sword":84,"minecraft:birch_planks":2,"minecraft:stone_pickaxe":130,"minecraft:wooden_pickaxe":38,"minecraft:iron_sword":81,"minecraft:cobblestone_slab":5,"minecraft:torch":26,"minecraft:dirt":2,"minecraft:crafting_table":3,"minecraft:blast_furnace":1,"minecraft:iron_pickaxe":104,"minecraft:cobblestone":6,"minecraft:furnace":3,"minecraft:cooked_porkchop":2,"minecraft:cooked_beef":13},"minecraft:dropped":{"minecraft:gravel":2,"minecraft:bricks":1,"minecraft:oak_log":1,"minecraft:stone_sword":2,"minecraft:poppy":1,"minecraft:cobblestone_slab":1},"minecraft:killed_by":{"minecraft:creeper":1,"minecraft:zombie":2}},"DataVersion":3953}