{"stats":{"minecraft:mined":{"minecraft:furnace":1,"minecraft:iron_ore":4,"minecraft:birch_log":13,"minecraft:crafting_table":1,"minecraft:short_grass":8,"minecraft:coal_ore":63,"minecraft:grass_block":10,"minecraft:gravel":2,"minecraft:dirt":12,"minecraft:copper_ore":1,"minecraft:stone":63,"minecraft:oak_leaves":1},"minecraft:killed_by":{"minecraft:zombie":1},"minecraft:used":{"minecraft:stone_sword":79,"minecraft:birch_planks":2,"minecraft:stone_pickaxe":114,"minecraft:wooden_pickaxe":38,"minecraft:cobblestone_slab":5,"minecraft:torch":2,"minecraft:dirt":2,"minecraft:crafting_table":2,"minecraft:furnace":2,"minecraft:cooked_beef":6},"minecraft:custom":{"minecraft:time_since_rest":5911,"minecraft:interact_with_furnace":6,"minecraft:sprint_one_cm":79677,"minecraft:damage_taken":700,"minecraft:walk_one_cm":116216,"minecraft:mob_kills":21,"minecraft:drop":2,"minecraft:damage_dealt":2945,"minecraft:interact_with_crafting_table":4,"minecraft:fly_one_cm":89050,"minecraft:deaths":1,"minecraft:crouch_one_cm":1777,"minecraft:play_time":29774,"minecraft:sneak_time":952,"minecraft:walk_under_water_one_cm":1098,"minecraft:jump":889,"minecraft:walk_on_water_one_cm":1319,"minecraft:time_since_death":5876,"minecraft:total_world_time":29774,"minecraft:fall_one_cm":24922},"minecraft:dropped":{"minecraft:stone_sword":2},"minecraft:crafted":{"minecraft:cooked_beef":6,"minecraft:cobblestone_slab":6,"minecraft:crafting_table":1,"minecraft:stick":16,"minecraft:wooden_pickaxe":1,"minecraft:stone_pickaxe":1,"minecraft:stone_sword":2,"minecraft:furnace":1,"minecraft:torch":28,"minecraft:birch_planks":52,"minecraft:air":0},"minecraft:picked_up":{"minecraft:birch_log":13,"minecraft:raw_iron":4,"minecraft:stick":2,"minecraft:crafting_table":2,"minecraft:feather":6,"minecraft:chicken":4,"minecraft:leather":12,"minecraft:wooden_pickaxe":1,"minecraft:gravel":2,"minecraft:birch_planks":68,"minecraft:porkchop":2,"minecraft:oak_log":2,"minecraft:spider_eye":4,"minecraft:string":4,"minecraft:dirt":36,"minecraft:raw_copper":4,"minecraft:bone":9,"minecraft:stone_sword":2,"minecraft:arrow":8,"minecraft:rotten_flesh":14,"minecraft:wheat_seeds":3,"minecraft:stone_pickaxe":1,"minecraft:beef":26,"minecraft:cooked_chicken":4,"minecraft:cobblestone_slab":1,"minecraft:coal":90,"minecraft:egg":2,"minecraft:cobblestone":81,"minecraft:furnace":2},"minecraft:killed":{"minecraft:skeleton":3,"minecraft:pig":1,"minecraft:zombie":5,"minecraft:chicken":3,"minecraft:spider":2,"minecraft:cow":7}},"DataVersion":3953}