{"stats":{"minecraft:mined":{"minecraft:crafting_table":3,"minecraft:short_grass":9,"minecraft:grass_block":17,"minecraft:tall_grass":1,"minecraft:copper_ore":1,"minecraft:wall_torch":1,"minecraft:furnace":2,"minecraft:birch_log":13,"minecraft:iron_ore":18,"minecraft:coal_ore":64,"minecraft:gravel":2,"minecraft:dirt":16,"minecraft:stone":77,"minecraft:oak_leaves":1},"minecraft:broken":{"minecraft:stone_pickaxe":1},"minecraft:killed_by":{"minecraft:zombie":1},"minecraft:used":{"minecraft:stone_sword":84,"minecraft:birch_planks":2,"minecraft:stone_pickaxe":130,"minecraft:wooden_pickaxe":38,"minecraft:iron_sword":51,"minecraft:cobblestone_slab":5,"minecraft:torch":4,"minecraft:dirt":2,"minecraft:crafting_table":3,"minecraft:iron_pickaxe":20,"minecraft:furnace":2,"minecraft:cooked_beef":12},"minecraft:custom":{"minecraft:interact_with_furnace":11,"minecraft:mob_kills":32,"minecraft:interact_with_crafting_table":8,"minecraft:time_since_death":17876,"minecraft:time_since_rest":17911,"minecraft:sprint_one_cm":101361,"minecraft:damage_taken":1335,"minecraft:walk_one_cm":160911,"minecraft:drop":2,"minecraft:damage_dealt":5076,"minecraft:fly_one_cm":121328,"minecraft:crouch_one_cm":1777,"minecraft:play_time":41774,"minecraft:deaths":1,"minecraft:sneak_time":953,"minecraft:walk_under_water_one_cm":1098,"minecraft:jump":1232,"minecraft:walk_on_water_one_cm":1319,"minecraft:total_world_time":41774,"minecraft:fall_one_cm":32521},"minecraft:dropped":{"minecraft:stone_sword":2},"minecraft:crafted":{"minecraft:cooked_beef":16,"minecraft:cobblestone_slab":6,"minecraft:cooked_porkchop":2,"minecraft:crafting_table":1,"minecraft:wooden_pickaxe":1,"minecraft:cooked_chicken":1,"minecraft:iron_sword":1,"minecraft:furnace":1,"minecraft:birch_planks":52,"minecraft:air":0,"minecraft:stick":16,"minecraft:iron_ingot":10,"minecraft:iron_pickaxe":1,"minecraft:stone_pickaxe":1,"minecraft:stone_sword":2,"minecraft:torch":28},"minecraft:picked_up":{"minecraft:birch_log":13,"minecraft:crafting_table":4,"minecraft:feather":6,"minecraft:chicken":4,"minecraft:leather":12,"minecraft:wooden_pickaxe":1,"minecraft:birch_planks":68,"minecraft:oak_log":2,"minecraft:dirt":47,"minecraft:string":6,"minecraft:raw_copper":4,"minecraft:bone":11,"minecraft:wheat_seeds":4,"minecraft:iron_ingot":1,"minecraft:cooked_chicken":4,"minecraft:beef":26,"minecraft:stone_pickaxe":1,"minecraft:cobblestone_slab":1,"minecraft:furnace":3,"minecraft:egg":2,"minecraft:stick":2,"minecraft:raw_iron":18,"minecraft:torch":1,"minecraft:gravel":2,"minecraft:porkchop":2,"minecraft:spider_eye":4,"minecraft:stone_sword":2,"minecraft:arrow":12,"minecraft:rotten_flesh":19,"minecraft:coal":142,"minecraft:cobblestone":96},"minecraft:killed":{"minecraft:pig":1,"minecraft:spider":3,"minecraft:skeleton":6,"minecraft:zombie":12,"minecraft:chicken":3,"minecraft:cow":7}},"DataVersion":3953}