{"stats":{"minecraft:used":{"minecraft:diorite":7,"minecraft:stone_sword":86,"minecraft:birch_planks":1,"minecraft:stone_pickaxe":46,"minecraft:chest":2,"minecraft:wooden_pickaxe":82,"minecraft:torch":24,"minecraft:glow_berries":1,"minecraft:crafting_table":2,"minecraft:wooden_sword":35,"minecraft:cobblestone":40,"minecraft:furnace":1,"minecraft:cooked_porkchop":3,"minecraft:andesite":1,"minecraft:cooked_beef":4},"minecraft:picked_up":{"minecraft:birch_log":25,"minecraft:cocoa_beans":3,"minecraft:crafting_table":1,"minecraft:cooked_beef":2,"minecraft:andesite":5,"minecraft:leather":6,"minecraft:wooden_pickaxe":1,"minecraft:enchanted_book":2,"minecraft:birch_planks":1,"minecraft:potion":1,"minecraft:gunpowder":5,"minecraft:lapis_lazuli":42,"minecraft:dirt":28,"minecraft:string":3,"minecraft:raw_copper":6,"minecraft:bone":1,"minecraft:iron_ingot":4,"minecraft:beef":9,"minecraft:stone_pickaxe":1,"minecraft:chest":1,"minecraft:flowering_azalea":1,"minecraft:torch":14,"minecraft:porkchop":9,"minecraft:diorite":10,"minecraft:stone_sword":1,"minecraft:arrow":1,"minecraft:rotten_flesh":3,"minecraft:glow_berries":7,"minecraft:coal":27,"minecraft:cobblestone":92},"minecraft:mined":{"minecraft:flowering_azalea":1,"minecraft:crafting_table":1,"minecraft:torch":3,"minecraft:cave_vines_plant":3,"minecraft:short_grass":5,"minecraft:grass_block":5,"minecraft:chest":1,"minecraft:copper_ore":2,"minecraft:cobblestone":3,"minecraft:lapis_ore":6,"minecraft:moss_block":1,"minecraft:diorite":7,"minecraft:wall_torch":2,"minecraft:birch_log":22,"minecraft:fire":2,"minecraft:andesite":3,"minecraft:deepslate_lapis_ore":2,"minecraft:cocoa":1,"minecraft:cave_vines":12,"minecraft:coal_ore":20,"minecraft:dirt":2,"minecraft:cobweb":1,"minecraft:stone":73,"minecraft:fern":1},"minecraft:dropped":{"minecraft:torch":14},"minecraft:killed_by":{"minecraft:skeleton":1,"minecraft:creeper":1},"minecraft:custom":{"minecraft:interact_with_furnace":45,"minecraft:mob_kills":19,"minecraft:interact_with_crafting_table":28,"minecraft:time_since_death":18910,"minecraft:climb_one_cm":414,"minecraft:time_since_rest":19004,"minecraft:sprint_one_cm":73217,"minecraft:damage_taken":1253,"minecraft:walk_one_cm":156728,"minecraft:drop":14,"minecraft:damage_dealt":3495,"minecraft:damage_dealt_absorbed":43,"minecraft:swim_one_cm":27,"minecraft:fly_one_cm":106576,"minecraft:open_chest":5,"minecraft:crouch_one_cm":10097,"minecraft:play_time":47640,"minecraft:deaths":2,"minecraft:sneak_time":4564,"minecraft:walk_under_water_one_cm":7217,"minecraft:jump":926,"minecraft:interact_with_blast_furnace":1,"minecraft:walk_on_water_one_cm":5986,"minecraft:total_world_time":47640,"minecraft:fall_one_cm":15750},"minecraft:killed":{"minecraft:pig":4,"minecraft:spider":2,"minecraft:creeper":3,"minecraft:skeleton":2,"minecraft:zombie":3,"minecraft:cow":4},"minecraft:crafted":{"minecraft:cooked_beef":2,"minecraft:wooden_sword":1,"minecraft:cooked_porkchop":3,"minecraft:crafting_table":1,"minecraft:wooden_pickaxe":2,"minecraft:furnace":1,"minecraft:leather_helmet":1,"minecraft:birch_planks":100,"minecraft:air":0,"minecraft:iron_chestplate":1,"minecraft:stick":24,"minecraft:iron_ingot":14,"minecraft:iron_pickaxe":1,"minecraft:stone_pickaxe":2,"minecraft:stone_sword":1,"minecraft:chest":1,"minecraft:torch":28}},"DataVersion":3953}