{"stats":{"minecraft:picked_up":{"minecraft:birch_log":13,"minecraft:crafting_table":7,"minecraft:feather":12,"minecraft:cooked_beef":3,"minecraft:chicken":6,"minecraft:andesite":2,"minecraft:leather":20,"minecraft:wooden_pickaxe":2,"minecraft:potato":12,"minecraft:birch_planks":97,"minecraft:flint":2,"minecraft:oak_log":2,"minecraft:dirt":90,"minecraft:string":10,"minecraft:raw_copper":12,"minecraft:cooked_mutton":3,"minecraft:bone":11,"minecraft:apple":8,"minecraft:wheat_seeds":7,"minecraft:gold_nugget":2,"minecraft:iron_ingot":7,"minecraft:beef":30,"minecraft:stone_pickaxe":1,"minecraft:cooked_chicken":7,"minecraft:cobblestone_slab":1,"minecraft:iron_pickaxe":1,"minecraft:iron_sword":1,"minecraft:egg":5,"minecraft:furnace":4,"minecraft:stick":2,"minecraft:raw_iron":54,"minecraft:cooked_porkchop":5,"minecraft:torch":18,"minecraft:gravel":3,"minecraft:porkchop":7,"minecraft:blast_furnace":4,"minecraft:spider_eye":6,"minecraft:stone_sword":3,"minecraft:arrow":22,"minecraft:rotten_flesh":36,"minecraft:hay_block":26,"minecraft:granite":15,"minecraft:bread":4,"minecraft:emerald":4,"minecraft:mutton":6,"minecraft:bricks":1,"minecraft:coal":282,"minecraft:white_wool":6,"minecraft:cobblestone":379},"minecraft:crafted":{"minecraft:cooked_beef":16,"minecraft:cobblestone_slab":6,"minecraft:cooked_porkchop":2,"minecraft:crafting_table":1,"minecraft:iron_helmet":2,"minecraft:wooden_pickaxe":1,"minecraft:cooked_chicken":1,"minecraft:iron_sword":1,"minecraft:furnace":1,"minecraft:birch_planks":52,"minecraft:cooked_mutton":6,"minecraft:air":0,"minecraft:bow":1,"minecraft:iron_chestplate":1,"minecraft:iron_boots":1,"minecraft:stick":68,"minecraft:iron_ingot":44,"minecraft:iron_pickaxe":2,"minecraft:stone_pickaxe":2,"minecraft:stone_sword":2,"minecraft:iron_leggings":1,"minecraft:white_bed":1,"minecraft:torch":176},"minecraft:custom":{"minecraft:interact_with_furnace":16,"minecraft:mob_kills":50,"minecraft:interact_with_crafting_table":27,"minecraft:leave_game":1,"minecraft:time_since_death":41935,"minecraft:climb_one_cm":436,"minecraft:time_since_rest":41971,"minecraft:sprint_one_cm":237477,"minecraft:damage_taken":2376,"minecraft:walk_one_cm":392264,"minecraft:drop":13,"minecraft:damage_dealt":7395,"minecraft:swim_one_cm":7664,"minecraft:talked_to_villager":4,"minecraft:fly_one_cm":402665,"minecraft:open_chest":2,"minecraft:crouch_one_cm":2318,"minecraft:play_time":106422,"minecraft:deaths":3,"minecraft:sneak_time":1193,"minecraft:walk_under_water_one_cm":13286,"minecraft:jump":2831,"minecraft:interact_with_blast_furnace":22,"minecraft:walk_on_water_one_cm":12756,"minecraft:total_world_time":106422,"minecraft:fall_one_cm":71488},"minecraft:mined":{"minecraft:glow_lichen":1,"minecraft:crafting_table":5,"minecraft:granite":14,"minecraft:short_grass":10,"minecraft:blast_furnace":4,"minecraft:grass_block":20,"minecraft:tall_grass":1,"minecraft:copper_ore":2,"minecraft:bricks":1,"minecraft:diorite":5,"minecraft:wall_torch":1,"minecraft:hay_block":13,"minecraft:furnace":3,"minecraft:birch_log":13,"minecraft:iron_ore":45,"minecraft:andesite":6,"minecraft:yellow_bed":1,"minecraft:coal_ore":135,"minecraft:gravel":14,"minecraft:dirt":21,"minecraft:stone":299,"minecraft:oak_leaves":1},"minecraft:broken":{"minecraft:stone_pickaxe":2,"minecraft:iron_pickaxe":1},"minecraft:killed":{"minecraft:pig":1,"minecraft:zombie_villager":1,"minecraft:spider":5,"minecraft:bat":1,"minecraft:creeper":1,"minecraft:sheep":2,"minecraft:skeleton":7,"minecraft:zombie":14,"minecraft:chicken":5,"minecraft:cow":7},"minecraft:used":{"minecraft:cooked_mutton":3,"minecraft:stone_sword":84,"minecraft:birch_planks":2,"minecraft:stone_pickaxe":261,"minecraft:wooden_pickaxe":38,"minecraft:iron_sword":106,"minecraft:cobblestone_slab":5,"minecraft:torch":116,"minecraft:dirt":2,"minecraft:crafting_table":5,"minecraft:blast_furnace":3,"minecraft:white_bed":1,"minecraft:apple":7,"minecraft:iron_pickaxe":275,"minecraft:cobblestone":20,"minecraft:hay_block":1,"minecraft:furnace":3,"minecraft:cooked_porkchop":2,"minecraft:cooked_beef":16},"minecraft:dropped":{"minecraft:gravel":3,"minecraft:bricks":1,"minecraft:wheat_seeds":3,"minecraft:oak_log":1,"minecraft:stone_sword":3,"minecraft:feather":6,"minecraft:iron_helmet":1,"minecraft:rotten_flesh":16,"minecraft:poppy":1,"minecraft:cobblestone_slab":1},"minecraft:killed_by":{"minecraft:creeper":1,"minecraft:zombie":2}},"DataVersion":3953}