{"stats":{"minecraft:picked_up":{"minecraft:birch_log":13,"minecraft:crafting_table":7,"minecraft:feather":13,"minecraft:cooked_beef":3,"minecraft:chicken":7,"minecraft:andesite":50,"minecraft:leather":20,"minecraft:wooden_pickaxe":2,"minecraft:potato":12,"minecraft:birch_planks":97,"minecraft:flint":2,"minecraft:oak_log":8,"minecraft:dirt":90,"minecraft:string":10,"minecraft:raw_copper":12,"minecraft:cooked_mutton":3,"minecraft:bone":11,"minecraft:apple":8,"minecraft:wheat_seeds":7,"minecraft:gold_nugget":2,"minecraft:cobbled_deepslate":64,"minecraft:iron_ingot":7,"minecraft:beef":30,"minecraft:stone_pickaxe":1,"minecraft:cooked_chicken":7,"minecraft:cobblestone_slab":1,"minecraft:iron_pickaxe":1,"minecraft:iron_sword":1,"minecraft:egg":5,"minecraft:furnace":4,"minecraft:stick":2,"minecraft:raw_iron":54,"minecraft:cooked_porkchop":5,"minecraft:torch":21,"minecraft:gravel":13,"minecraft:porkchop":14,"minecraft:blast_furnace":4,"minecraft:white_bed":1,"minecraft:spider_eye":6,"minecraft:stone_sword":3,"minecraft:arrow":22,"minecraft:rotten_flesh":36,"minecraft:hay_block":27,"minecraft:granite":21,"minecraft:bread":4,"minecraft:emerald":4,"minecraft:oak_sapling":2,"minecraft:mutton":6,"minecraft:bricks":1,"minecraft:coal":282,"minecraft:white_wool":6,"minecraft:cobblestone":417},"minecraft:crafted":{"minecraft:cooked_beef":16,"minecraft:wooden_sword":1,"minecraft:oak_planks":24,"minecraft:cobblestone_slab":6,"minecraft:cooked_porkchop":2,"minecraft:crafting_table":2,"minecraft:iron_helmet":2,"minecraft:wooden_pickaxe":2,"minecraft:cooked_chicken":1,"minecraft:iron_sword":1,"minecraft:furnace":1,"minecraft:birch_planks":52,"minecraft:cooked_mutton":6,"minecraft:air":0,"minecraft:bow":1,"minecraft:iron_chestplate":1,"minecraft:iron_boots":1,"minecraft:stick":72,"minecraft:iron_ingot":44,"minecraft:iron_pickaxe":3,"minecraft:stone_pickaxe":2,"minecraft:stone_sword":2,"minecraft:iron_leggings":1,"minecraft:white_bed":1,"minecraft:torch":176},"minecraft:custom":{"minecraft:interact_with_furnace":16,"minecraft:mob_kills":55,"minecraft:interact_with_crafting_table":30,"minecraft:leave_game":2,"minecraft:time_since_death":4945,"minecraft:climb_one_cm":436,"minecraft:time_since_rest":5068,"minecraft:sprint_one_cm":265653,"minecraft:damage_taken":2636,"minecraft:walk_one_cm":411326,"minecraft:drop":15,"minecraft:damage_dealt":7726,"minecraft:swim_one_cm":20753,"minecraft:talked_to_villager":4,"minecraft:fly_one_cm":455014,"minecraft:open_chest":3,"minecraft:crouch_one_cm":6304,"minecraft:play_time":120615,"minecraft:deaths":4,"minecraft:sneak_time":3848,"minecraft:walk_under_water_one_cm":15507,"minecraft:jump":3029,"minecraft:interact_with_blast_furnace":22,"minecraft:walk_on_water_one_cm":12989,"minecraft:total_world_time":120615,"minecraft:fall_one_cm":76939},"minecraft:mined":{"minecraft:white_bed":1,"minecraft:glow_lichen":1,"minecraft:crafting_table":5,"minecraft:granite":20,"minecraft:short_grass":11,"minecraft:blast_furnace":4,"minecraft:grass_block":20,"minecraft:tall_grass":1,"minecraft:copper_ore":2,"minecraft:bricks":1,"minecraft:diorite":5,"minecraft:wall_torch":4,"minecraft:hay_block":14,"minecraft:furnace":3,"minecraft:birch_log":13,"minecraft:iron_ore":45,"minecraft:fire":1,"minecraft:andesite":55,"minecraft:yellow_bed":1,"minecraft:oak_log":6,"minecraft:coal_ore":135,"minecraft:gravel":27,"minecraft:dirt":21,"minecraft:stone":376,"minecraft:deepslate":163,"minecraft:oak_leaves":2},"minecraft:broken":{"minecraft:stone_pickaxe":2,"minecraft:iron_pickaxe":2},"minecraft:killed":{"minecraft:pig":2,"minecraft:zombie_villager":1,"minecraft:spider":5,"minecraft:bat":1,"minecraft:creeper":1,"minecraft:sheep":2,"minecraft:skeleton":7,"minecraft:zombie":14,"minecraft:chicken":6,"minecraft:cow":7},"minecraft:used":{"minecraft:cooked_mutton":3,"minecraft:stone_sword":84,"minecraft:birch_planks":2,"minecraft:stone_pickaxe":261,"minecraft:wooden_pickaxe":38,"minecraft:iron_sword":106,"minecraft:cobblestone_slab":5,"minecraft:torch":140,"minecraft:dirt":2,"minecraft:crafting_table":7,"minecraft:blast_furnace":3,"minecraft:white_bed":1,"minecraft:apple":7,"minecraft:iron_pickaxe":585,"minecraft:wooden_sword":12,"minecraft:cobblestone":24,"minecraft:hay_block":3,"minecraft:furnace":3,"minecraft:cooked_porkchop":2,"minecraft:cooked_beef":16},"minecraft:dropped":{"minecraft:gravel":5,"minecraft:bricks":1,"minecraft:wheat_seeds":3,"minecraft:oak_log":1,"minecraft:stone_sword":3,"minecraft:feather":6,"minecraft:iron_helmet":1,"minecraft:rotten_flesh":16,"minecraft:apple":1,"minecraft:poppy":1,"minecraft:cobblestone_slab":1},"minecraft:killed_by":{"minecraft:creeper":1,"minecraft:zombie":2}},"DataVersion":3953}