{"stats":{"minecraft:picked_up":{"minecraft:birch_log":13,"minecraft:crafting_table":4,"minecraft:feather":6,"minecraft:chicken":4,"minecraft:leather":13,"minecraft:wooden_pickaxe":1,"minecraft:birch_planks":68,"minecraft:oak_log":2,"minecraft:dirt":53,"minecraft:string":6,"minecraft:raw_copper":4,"minecraft:bone":11,"minecraft:wheat_seeds":4,"minecraft:iron_ingot":1,"minecraft:beef":28,"minecraft:stone_pickaxe":1,"minecraft:cooked_chicken":4,"minecraft:cobblestone_slab":1,"minecraft:egg":2,"minecraft:furnace":3,"minecraft:stick":2,"minecraft:raw_iron":18,"minecraft:torch":11,"minecraft:gravel":2,"minecraft:porkchop":7,"minecraft:blast_furnace":1,"minecraft:spider_eye":4,"minecraft:stone_sword":2,"minecraft:arrow":12,"minecraft:rotten_flesh":19,"minecraft:hay_block":13,"minecraft:granite":2,"minecraft:mutton":6,"minecraft:bricks":1,"minecraft:coal":148,"minecraft:white_wool":3,"minecraft:cobblestone":147},"minecraft:crafted":{"minecraft:cooked_beef":16,"minecraft:cobblestone_slab":6,"minecraft:cooked_porkchop":2,"minecraft:crafting_table":1,"minecraft:wooden_pickaxe":1,"minecraft:cooked_chicken":1,"minecraft:iron_sword":1,"minecraft:furnace":1,"minecraft:birch_planks":52,"minecraft:cooked_mutton":6,"minecraft:air":0,"minecraft:stick":16,"minecraft:iron_ingot":10,"minecraft:iron_pickaxe":1,"minecraft:stone_pickaxe":1,"minecraft:stone_sword":2,"minecraft:torch":28},"minecraft:custom":{"minecraft:interact_with_furnace":14,"minecraft:mob_kills":39,"minecraft:interact_with_crafting_table":8,"minecraft:leave_game":1,"minecraft:time_since_death":34524,"minecraft:time_since_rest":34559,"minecraft:sprint_one_cm":134814,"minecraft:damage_taken":1410,"minecraft:walk_one_cm":217043,"minecraft:drop":7,"minecraft:damage_dealt":5646,"minecraft:swim_one_cm":4980,"minecraft:talked_to_villager":4,"minecraft:fly_one_cm":195888,"minecraft:open_chest":2,"minecraft:crouch_one_cm":1777,"minecraft:play_time":58422,"minecraft:deaths":1,"minecraft:sneak_time":956,"minecraft:walk_under_water_one_cm":8676,"minecraft:jump":1626,"minecraft:interact_with_blast_furnace":2,"minecraft:walk_on_water_one_cm":4862,"minecraft:total_world_time":58422,"minecraft:fall_one_cm":42478},"minecraft:mined":{"minecraft:crafting_table":3,"minecraft:granite":2,"minecraft:short_grass":9,"minecraft:blast_furnace":1,"minecraft:grass_block":19,"minecraft:tall_grass":1,"minecraft:copper_ore":1,"minecraft:bricks":1,"minecraft:wall_torch":1,"minecraft:hay_block":13,"minecraft:furnace":2,"minecraft:birch_log":13,"minecraft:iron_ore":18,"minecraft:yellow_bed":1,"minecraft:coal_ore":70,"minecraft:gravel":2,"minecraft:dirt":20,"minecraft:stone":130,"minecraft:oak_leaves":1},"minecraft:broken":{"minecraft:stone_pickaxe":1},"minecraft:killed":{"minecraft:pig":1,"minecraft:spider":3,"minecraft:sheep":2,"minecraft:skeleton":6,"minecraft:zombie":12,"minecraft:chicken":3,"minecraft:cow":7},"minecraft:used":{"minecraft:stone_sword":84,"minecraft:birch_planks":2,"minecraft:stone_pickaxe":130,"minecraft:wooden_pickaxe":38,"minecraft:iron_sword":65,"minecraft:cobblestone_slab":5,"minecraft:torch":26,"minecraft:dirt":2,"minecraft:crafting_table":3,"minecraft:blast_furnace":1,"minecraft:iron_pickaxe":102,"minecraft:cobblestone":6,"minecraft:furnace":3,"minecraft:cooked_porkchop":2,"minecraft:cooked_beef":13},"minecraft:dropped":{"minecraft:gravel":2,"minecraft:bricks":1,"minecraft:oak_log":1,"minecraft:stone_sword":2,"minecraft:poppy":1,"minecraft:cobblestone_slab":1},"minecraft:killed_by":{"minecraft:zombie":1}},"DataVersion":3953}