{"stats":{"minecraft:used":{"minecraft:wooden_sword":14,"minecraft:crafting_table":1,"minecraft:wooden_pickaxe":19},"minecraft:picked_up":{"minecraft:birch_log":12,"minecraft:crafting_table":1,"minecraft:leather":6,"minecraft:beef":9,"minecraft:coal":2,"minecraft:dirt":2,"minecraft:cobblestone":14},"minecraft:mined":{"minecraft:short_grass":1,"minecraft:grass_block":2,"minecraft:coal_ore":3,"minecraft:birch_log":13,"minecraft:fire":2,"minecraft:stone":14,"minecraft:crafting_table":1,"minecraft:fern":1},"minecraft:custom":{"minecraft:time_since_rest":5640,"minecraft:crouch_one_cm":932,"minecraft:play_time":5640,"minecraft:sprint_one_cm":14221,"minecraft:walk_one_cm":14882,"minecraft:sneak_time":623,"minecraft:mob_kills":4,"minecraft:jump":126,"minecraft:damage_dealt":401,"minecraft:time_since_death":5640,"minecraft:total_world_time":5640,"minecraft:fly_one_cm":24042,"minecraft:interact_with_crafting_table":3,"minecraft:fall_one_cm":2359},"minecraft:killed":{"minecraft:cow":4},"minecraft:crafted":{"minecraft:wooden_sword":1,"minecraft:birch_planks":48,"minecraft:crafting_table":1,"minecraft:stick":8,"minecraft:wooden_pickaxe":1}},"DataVersion":3953}