{"stats":{"minecraft:mined":{"minecraft:furnace":1,"minecraft:birch_log":13,"minecraft:crafting_table":1,"minecraft:short_grass":1,"minecraft:grass_block":8,"minecraft:dirt":9,"minecraft:stone":44,"minecraft:oak_leaves":1},"minecraft:used":{"minecraft:stone_sword":39,"minecraft:birch_planks":2,"minecraft:stone_pickaxe":20,"minecraft:wooden_pickaxe":38,"minecraft:cobblestone_slab":5,"minecraft:dirt":2,"minecraft:crafting_table":1,"minecraft:furnace":1,"minecraft:cooked_beef":4},"minecraft:custom":{"minecraft:time_since_rest":17774,"minecraft:interact_with_furnace":3,"minecraft:sprint_one_cm":48735,"minecraft:damage_taken":335,"minecraft:walk_one_cm":71980,"minecraft:mob_kills":13,"minecraft:drop":2,"minecraft:damage_dealt":1428,"minecraft:interact_with_crafting_table":3,"minecraft:fly_one_cm":58847,"minecraft:crouch_one_cm":1182,"minecraft:play_time":17774,"minecraft:sneak_time":622,"minecraft:jump":571,"minecraft:walk_on_water_one_cm":175,"minecraft:time_since_death":17774,"minecraft:total_world_time":17774,"minecraft:fall_one_cm":16156},"minecraft:dropped":{"minecraft:stone_sword":2},"minecraft:crafted":{"minecraft:cooked_beef":6,"minecraft:cobblestone_slab":6,"minecraft:crafting_table":1,"minecraft:stick":8,"minecraft:wooden_pickaxe":1,"minecraft:stone_pickaxe":1,"minecraft:stone_sword":2,"minecraft:furnace":1,"minecraft:birch_planks":52,"minecraft:air":0},"minecraft:picked_up":{"minecraft:birch_log":13,"minecraft:crafting_table":1,"minecraft:feather":3,"minecraft:chicken":3,"minecraft:leather":6,"minecraft:birch_planks":35,"minecraft:oak_log":1,"minecraft:spider_eye":1,"minecraft:string":2,"minecraft:dirt":15,"minecraft:bone":1,"minecraft:stone_sword":1,"minecraft:arrow":1,"minecraft:wheat_seeds":1,"minecraft:beef":16,"minecraft:cooked_chicken":2,"minecraft:egg":1,"minecraft:cobblestone":38,"minecraft:furnace":1},"minecraft:killed":{"minecraft:skeleton":1,"minecraft:zombie":1,"minecraft:chicken":3,"minecraft:spider":1,"minecraft:cow":7}},"DataVersion":3953}