{"stats":{"minecraft:crafted":{"minecraft:wooden_sword":1,"minecraft:cooked_chicken":9,"minecraft:furnace":2,"minecraft:cooked_mutton":6,"minecraft:bow":1,"minecraft:iron_axe":1,"minecraft:stone_pickaxe":2,"minecraft:chest":1,"minecraft:birch_door":3,"minecraft:lead":4,"minecraft:cooked_beef":8,"minecraft:cooked_porkchop":6,"minecraft:crafting_table":1,"minecraft:wooden_pickaxe":2,"minecraft:leather_helmet":1,"minecraft:birch_planks":160,"minecraft:air":0,"minecraft:iron_chestplate":1,"minecraft:birch_fence":9,"minecraft:stick":52,"minecraft:iron_pickaxe":1,"minecraft:iron_ingot":14,"minecraft:stone_sword":2,"minecraft:torch":52},"minecraft:broken":{"minecraft:stone_sword":1},"minecraft:mined":{"minecraft:glow_lichen":1,"minecraft:cave_vines_plant":3,"minecraft:grass_block":9,"minecraft:redstone_wire":2,"minecraft:moss_block":1,"minecraft:redstone_ore":8,"minecraft:iron_ore":4,"minecraft:fire":2,"minecraft:andesite":19,"minecraft:pumpkin":7,"minecraft:deepslate_lapis_ore":2,"minecraft:cave_vines":13,"minecraft:vine":1,"minecraft:stone":93,"minecraft:flowering_azalea":1,"minecraft:crafting_table":2,"minecraft:torch":6,"minecraft:short_grass":22,"minecraft:blast_furnace":1,"minecraft:chest":1,"minecraft:copper_ore":2,"minecraft:cobblestone":3,"minecraft:lapis_ore":6,"minecraft:sugar_cane":1,"minecraft:diorite":7,"minecraft:wall_torch":4,"minecraft:birch_log":31,"minecraft:birch_leaves":11,"minecraft:coal_ore":38,"minecraft:cocoa":4,"minecraft:dirt":11,"minecraft:cobweb":1,"minecraft:gold_ore":2,"minecraft:deepslate":1,"minecraft:fern":2},"minecraft:dropped":{"minecraft:birch_planks":58,"minecraft:coal":14,"minecraft:torch":14,"minecraft:string":6,"minecraft:rotten_flesh":2,"minecraft:stone_pickaxe":1},"minecraft:custom":{"minecraft:mob_kills":72,"minecraft:animals_bred":1,"minecraft:interact_with_crafting_table":57,"minecraft:leave_game":1,"minecraft:time_since_death":2163,"minecraft:climb_one_cm":1776,"minecraft:sprint_one_cm":281735,"minecraft:walk_one_cm":781028,"minecraft:drop":25,"minecraft:damage_dealt_absorbed":78,"minecraft:play_time":175652,"minecraft:deaths":8,"minecraft:sneak_time":5342,"minecraft:walk_under_water_one_cm":16963,"minecraft:jump":3920,"minecraft:interact_with_blast_furnace":15,"minecraft:walk_on_water_one_cm":22615,"minecraft:total_world_time":175652,"minecraft:interact_with_furnace":82,"minecraft:time_since_rest":2307,"minecraft:damage_taken":4485,"minecraft:damage_dealt":10886,"minecraft:swim_one_cm":15448,"minecraft:fly_one_cm":455372,"minecraft:player_kills":4,"minecraft:open_chest":34,"minecraft:crouch_one_cm":12044,"minecraft:fall_one_cm":96806},"minecraft:killed":{"minecraft:spider":8,"minecraft:slime":4,"minecraft:skeleton":8,"minecraft:chicken":10,"minecraft:pig":5,"minecraft:bat":2,"minecraft:creeper":8,"minecraft:sheep":2,"minecraft:zombie":12,"minecraft:cow":7},"minecraft:picked_up":{"minecraft:wooden_axe":2,"minecraft:fishing_rod":1,"minecraft:iron_chestplate":2,"minecraft:cocoa_beans":12,"minecraft:crafting_table":2,"minecraft:birch_door":1,"minecraft:chicken":10,"minecraft:lead":5,"minecraft:wooden_pickaxe":1,"minecraft:enchanted_book":3,"minecraft:potion":2,"minecraft:string":19,"minecraft:raw_copper":6,"minecraft:cobbled_deepslate":4,"minecraft:beef":16,"minecraft:iron_pickaxe":1,"minecraft:sugar_cane":1,"minecraft:chest":1,"minecraft:birch_sapling":2,"minecraft:egg":5,"minecraft:stick":1,"minecraft:raw_iron":27,"minecraft:torch":29,"minecraft:porkchop":12,"minecraft:diorite":10,"minecraft:redstone":81,"minecraft:stone_sword":1,"minecraft:arrow":13,"minecraft:rotten_flesh":32,"minecraft:mutton":6,"minecraft:glow_berries":7,"minecraft:white_wool":3,"minecraft:cobblestone":119,"minecraft:birch_log":42,"minecraft:feather":12,"minecraft:cooked_beef":2,"minecraft:andesite":37,"minecraft:leather":11,"minecraft:birch_planks":137,"minecraft:filled_map":1,"minecraft:gunpowder":21,"minecraft:lapis_lazuli":84,"minecraft:dirt":85,"minecraft:bone":23,"minecraft:wheat_seeds":3,"minecraft:raw_gold":4,"minecraft:stone_pickaxe":3,"minecraft:iron_ingot":13,"minecraft:flowering_azalea":1,"minecraft:iron_sword":1,"minecraft:pumpkin":7,"minecraft:gravel":1,"minecraft:blast_furnace":1,"minecraft:spider_eye":1,"minecraft:slime_ball":2,"minecraft:iron_helmet":1,"minecraft:granite":2,"minecraft:coal":52},"minecraft:killed_by":{"minecraft:player":1,"minecraft:creeper":2,"minecraft:skeleton":1,"minecraft:zombie":4},"minecraft:used":{"minecraft:stone_sword":210,"minecraft:redstone":2,"minecraft:chest":2,"minecraft:iron_sword":97,"minecraft:cooked_chicken":9,"minecraft:iron_chestplate":1,"minecraft:torch":57,"minecraft:dirt":16,"minecraft:birch_door":2,"minecraft:iron_axe":6,"minecraft:furnace":2,"minecraft:cooked_beef":10,"minecraft:pumpkin":2,"minecraft:cooked_mutton":4,"minecraft:diorite":7,"minecraft:birch_planks":5,"minecraft:stone_pickaxe":46,"minecraft:wooden_pickaxe":82,"minecraft:glow_berries":6,"minecraft:crafting_table":3,"minecraft:blast_furnace":1,"minecraft:birch_fence":9,"minecraft:iron_pickaxe":94,"minecraft:wooden_sword":35,"minecraft:cobblestone":40,"minecraft:cooked_porkchop":6,"minecraft:andesite":3}},"DataVersion":3953}