{"stats":{"minecraft:used":{"minecraft:stone_pickaxe":15,"minecraft:wooden_pickaxe":55,"minecraft:torch":12,"minecraft:wooden_sword":24,"minecraft:cobblestone":31,"minecraft:crafting_table":2,"minecraft:furnace":1,"minecraft:cooked_beef":2},"minecraft:picked_up":{"minecraft:birch_log":12,"minecraft:crafting_table":1,"minecraft:leather":6,"minecraft:string":1,"minecraft:dirt":2,"minecraft:raw_copper":6,"minecraft:beef":9,"minecraft:coal":13,"minecraft:cobblestone":52},"minecraft:mined":{"minecraft:birch_log":13,"minecraft:fire":2,"minecraft:crafting_table":1,"minecraft:short_grass":1,"minecraft:grass_block":2,"minecraft:coal_ore":13,"minecraft:cobblestone":2,"minecraft:cobweb":1,"minecraft:copper_ore":2,"minecraft:stone":51,"minecraft:fern":1},"minecraft:custom":{"minecraft:time_since_rest":17640,"minecraft:interact_with_furnace":8,"minecraft:sprint_one_cm":25412,"minecraft:damage_taken":365,"minecraft:walk_one_cm":45739,"minecraft:mob_kills":5,"minecraft:damage_dealt":562,"minecraft:interact_with_crafting_table":10,"minecraft:fly_one_cm":44661,"minecraft:crouch_one_cm":2899,"minecraft:play_time":17640,"minecraft:sneak_time":1669,"minecraft:jump":334,"minecraft:time_since_death":17640,"minecraft:total_world_time":17640,"minecraft:fall_one_cm":7950},"minecraft:killed":{"minecraft:cow":4},"minecraft:crafted":{"minecraft:cooked_beef":2,"minecraft:wooden_sword":1,"minecraft:crafting_table":1,"minecraft:stick":8,"minecraft:wooden_pickaxe":1,"minecraft:stone_pickaxe":1,"minecraft:furnace":1,"minecraft:leather_helmet":1,"minecraft:torch":12,"minecraft:birch_planks":48}},"DataVersion":3953}