{"stats":{"minecraft:crafted":{"minecraft:wooden_sword":1,"minecraft:oak_planks":32,"minecraft:crafting_table":2,"minecraft:stick":12,"minecraft:wooden_pickaxe":1,"minecraft:stone_pickaxe":1,"minecraft:wooden_axe":1,"minecraft:stone_sword":1,"minecraft:birch_door":3,"minecraft:birch_planks":84,"minecraft:stone_axe":1},"minecraft:picked_up":{"minecraft:birch_log":21,"minecraft:birch_planks":1,"minecraft:porkchop":1,"minecraft:oak_log":8,"minecraft:lily_of_the_valley":2,"minecraft:dirt":1,"minecraft:rotten_flesh":2,"minecraft:wheat_seeds":2,"minecraft:oak_sapling":1,"minecraft:birch_sapling":1,"minecraft:cobblestone":9,"minecraft:wooden_axe":1},"minecraft:custom":{"minecraft:time_since_rest":15608,"minecraft:sprint_one_cm":34682,"minecraft:damage_taken":195,"minecraft:walk_one_cm":31697,"minecraft:mob_kills":3,"minecraft:drop":1,"minecraft:damage_dealt":421,"minecraft:interact_with_crafting_table":11,"minecraft:fly_one_cm":45939,"minecraft:crouch_one_cm":654,"minecraft:play_time":15608,"minecraft:sneak_time":270,"minecraft:jump":231,"minecraft:time_since_death":15608,"minecraft:total_world_time":15608,"minecraft:fall_one_cm":4653},"minecraft:broken":{"minecraft:wooden_axe":1},"minecraft:mined":{"minecraft:birch_planks":1,"minecraft:oak_sapling":1,"minecraft:lily_of_the_valley":2,"minecraft:birch_log":21,"minecraft:birch_leaves":2,"minecraft:short_grass":3,"minecraft:oak_log":8,"minecraft:dirt":1,"minecraft:tall_grass":5,"minecraft:stone":9},"minecraft:killed":{"minecraft:zombie":2,"minecraft:pig":1},"minecraft:used":{"minecraft:birch_door":1,"minecraft:wooden_axe":47,"minecraft:birch_planks":55,"minecraft:oak_planks":23,"minecraft:wooden_pickaxe":9,"minecraft:rotten_flesh":2,"minecraft:wooden_sword":17,"minecraft:lily_of_the_valley":1,"minecraft:crafting_table":2,"minecraft:oak_sapling":1,"minecraft:porkchop":1},"minecraft:dropped":{"minecraft:lily_of_the_valley":1}},"DataVersion":3953}