{"stats":{"minecraft:crafted":{"minecraft:cherry_planks":40,"minecraft:wooden_sword":2,"minecraft:oak_planks":32,"minecraft:wooden_shovel":1,"minecraft:crafting_table":2,"minecraft:cherry_slab":6,"minecraft:wooden_pickaxe":2,"minecraft:furnace":1,"minecraft:stone":2,"minecraft:birch_planks":84,"minecraft:campfire":2,"minecraft:stone_axe":1,"minecraft:spruce_wood":3,"minecraft:stick":28,"minecraft:stone_pickaxe":1,"minecraft:wooden_axe":2,"minecraft:stone_sword":1,"minecraft:birch_door":3,"minecraft:cherry_fence":3},"minecraft:picked_up":{"minecraft:wooden_axe":1,"minecraft:birch_log":21,"minecraft:charcoal":2,"minecraft:pink_petals":34,"minecraft:birch_planks":1,"minecraft:oak_log":8,"minecraft:dirt":45,"minecraft:wheat_seeds":3,"minecraft:birch_sapling":1,"minecraft:stick":2,"minecraft:torch":1,"minecraft:porkchop":1,"minecraft:cherry_log":11,"minecraft:spruce_log":46,"minecraft:lily_of_the_valley":2,"minecraft:rotten_flesh":2,"minecraft:cherry_sapling":6,"minecraft:oak_sapling":1,"minecraft:coal":3,"minecraft:cobblestone":34},"minecraft:custom":{"minecraft:interact_with_furnace":3,"minecraft:mob_kills":3,"minecraft:interact_with_crafting_table":21,"minecraft:time_since_death":19326,"minecraft:sleep_in_bed":1,"minecraft:time_since_rest":2363,"minecraft:sprint_one_cm":79582,"minecraft:damage_taken":579,"minecraft:walk_one_cm":101856,"minecraft:drop":1,"minecraft:damage_dealt":474,"minecraft:fly_one_cm":121720,"minecraft:open_chest":1,"minecraft:crouch_one_cm":1606,"minecraft:play_time":39608,"minecraft:deaths":1,"minecraft:sneak_time":636,"minecraft:jump":641,"minecraft:interact_with_blast_furnace":1,"minecraft:total_world_time":39608,"minecraft:interact_with_smoker":1,"minecraft:fall_one_cm":15308},"minecraft:broken":{"minecraft:wooden_axe":2},"minecraft:mined":{"minecraft:oak_sapling":1,"minecraft:lily_of_the_valley":2,"minecraft:cherry_log":11,"minecraft:cherry_sapling":2,"minecraft:torch":1,"minecraft:short_grass":13,"minecraft:grass_block":42,"minecraft:campfire":1,"minecraft:tall_grass":5,"minecraft:pink_petals":15,"minecraft:birch_planks":1,"minecraft:birch_log":21,"minecraft:spruce_log":46,"minecraft:birch_leaves":2,"minecraft:bee_nest":1,"minecraft:oak_log":8,"minecraft:coal_ore":3,"minecraft:dirt":3,"minecraft:stone":36},"minecraft:killed":{"minecraft:pig":1,"minecraft:zombie":2},"minecraft:used":{"minecraft:cooked_mutton":1,"minecraft:cherry_sapling":1,"minecraft:birch_planks":62,"minecraft:stone_pickaxe":27,"minecraft:oak_planks":23,"minecraft:wooden_pickaxe":14,"minecraft:wooden_shovel":14,"minecraft:rotten_flesh":2,"minecraft:torch":1,"minecraft:lily_of_the_valley":1,"minecraft:crafting_table":2,"minecraft:campfire":2,"minecraft:spruce_log":35,"minecraft:birch_door":1,"minecraft:wooden_axe":116,"minecraft:stone_axe":2,"minecraft:pink_petals":34,"minecraft:wooden_sword":48,"minecraft:oak_sapling":1,"minecraft:furnace":1,"minecraft:porkchop":2,"minecraft:cherry_fence":3},"minecraft:dropped":{"minecraft:lily_of_the_valley":1},"minecraft:killed_by":{"minecraft:creeper":1}},"DataVersion":3953}