{"stats":{"minecraft:picked_up":{"minecraft:oak_log":2},"minecraft:crafted":{"minecraft:crafting_table":1,"minecraft:oak_planks":8},"minecraft:custom":{"minecraft:jump":42,"minecraft:time_since_rest":3608,"minecraft:crouch_one_cm":384,"minecraft:sprint_one_cm":5526,"minecraft:play_time":3608,"minecraft:time_since_death":3608,"minecraft:walk_one_cm":1479,"minecraft:sneak_time":180,"minecraft:total_world_time":3608,"minecraft:fall_one_cm":689,"minecraft:fly_one_cm":10740},"minecraft:mined":{"minecraft:oak_log":2}},"DataVersion":3953}