{"stats":{"minecraft:crafted":{"minecraft:cherry_planks":176,"minecraft:wooden_sword":2,"minecraft:oak_planks":32,"minecraft:wooden_shovel":1,"minecraft:crafting_table":2,"minecraft:cherry_slab":84,"minecraft:wooden_pickaxe":2,"minecraft:furnace":1,"minecraft:stone":2,"minecraft:birch_planks":84,"minecraft:campfire":5,"minecraft:stone_axe":2,"minecraft:spruce_wood":3,"minecraft:stick":72,"minecraft:stone_pickaxe":2,"minecraft:wooden_axe":2,"minecraft:stone_sword":1,"minecraft:birch_door":3,"minecraft:cherry_fence":21},"minecraft:picked_up":{"minecraft:wooden_axe":1,"minecraft:birch_log":21,"minecraft:pink_petals":96,"minecraft:charcoal":2,"minecraft:cherry_planks":4,"minecraft:filled_map":2,"minecraft:birch_planks":1,"minecraft:potion":1,"minecraft:oak_log":8,"minecraft:cherry_fence":2,"minecraft:string":1,"minecraft:dirt":70,"minecraft:wheat_seeds":4,"minecraft:birch_sapling":1,"minecraft:stick":14,"minecraft:torch":4,"minecraft:porkchop":1,"minecraft:cherry_log":63,"minecraft:spruce_log":62,"minecraft:lily_of_the_valley":2,"minecraft:rotten_flesh":5,"minecraft:cherry_sapling":18,"minecraft:cherry_slab":1,"minecraft:oak_sapling":1,"minecraft:coal":9,"minecraft:cobblestone":84},"minecraft:custom":{"minecraft:interact_with_furnace":3,"minecraft:mob_kills":3,"minecraft:interact_with_crafting_table":34,"minecraft:leave_game":2,"minecraft:time_since_death":53324,"minecraft:sleep_in_bed":2,"minecraft:climb_one_cm":1800,"minecraft:time_since_rest":6876,"minecraft:sprint_one_cm":123973,"minecraft:damage_taken":694,"minecraft:walk_one_cm":189888,"minecraft:drop":2,"minecraft:damage_dealt":596,"minecraft:fly_one_cm":181155,"minecraft:open_chest":9,"minecraft:crouch_one_cm":6022,"minecraft:play_time":73606,"minecraft:deaths":1,"minecraft:sneak_time":3394,"minecraft:walk_under_water_one_cm":288,"minecraft:jump":1068,"minecraft:interact_with_blast_furnace":1,"minecraft:walk_on_water_one_cm":2004,"minecraft:interact_with_smoker":1,"minecraft:total_world_time":73606,"minecraft:fall_one_cm":28084},"minecraft:broken":{"minecraft:wooden_sword":1,"minecraft:wooden_axe":2},"minecraft:mined":{"minecraft:oak_sapling":1,"minecraft:cherry_planks":4,"minecraft:lily_of_the_valley":2,"minecraft:cherry_log":79,"minecraft:cherry_sapling":2,"minecraft:glow_lichen":1,"minecraft:torch":2,"minecraft:short_grass":19,"minecraft:grass_block":48,"minecraft:campfire":1,"minecraft:tall_grass":6,"minecraft:wall_torch":1,"minecraft:cherry_slab":1,"minecraft:pink_petals":38,"minecraft:birch_planks":1,"minecraft:cherry_fence":2,"minecraft:birch_log":21,"minecraft:spruce_log":62,"minecraft:birch_leaves":2,"minecraft:bee_nest":1,"minecraft:oak_log":8,"minecraft:coal_ore":9,"minecraft:cherry_leaves":247,"minecraft:dirt":22,"minecraft:stone":85},"minecraft:killed":{"minecraft:pig":1,"minecraft:zombie":2},"minecraft:used":{"minecraft:cooked_mutton":2,"minecraft:cherry_sapling":18,"minecraft:birch_planks":62,"minecraft:stone_pickaxe":60,"minecraft:oak_planks":23,"minecraft:wooden_pickaxe":38,"minecraft:cherry_planks":44,"minecraft:wooden_shovel":21,"minecraft:rotten_flesh":2,"minecraft:torch":4,"minecraft:dirt":40,"minecraft:lily_of_the_valley":1,"minecraft:crafting_table":2,"minecraft:campfire":5,"minecraft:spruce_log":35,"minecraft:birch_door":1,"minecraft:wooden_axe":116,"minecraft:cherry_slab":61,"minecraft:melon_slice":9,"minecraft:stone_axe":129,"minecraft:pink_petals":93,"minecraft:wooden_sword":57,"minecraft:oak_sapling":1,"minecraft:furnace":1,"minecraft:porkchop":2,"minecraft:cherry_fence":22,"minecraft:cherry_log":18},"minecraft:dropped":{"minecraft:lily_of_the_valley":1,"minecraft:filled_map":1},"minecraft:killed_by":{"minecraft:creeper":1}},"DataVersion":3953}