{"stats":{"minecraft:crafted":{"minecraft:cherry_planks":12,"minecraft:wooden_sword":2,"minecraft:oak_planks":32,"minecraft:crafting_table":2,"minecraft:spruce_wood":3,"minecraft:stick":20,"minecraft:wooden_pickaxe":2,"minecraft:stone_pickaxe":1,"minecraft:wooden_axe":2,"minecraft:stone_sword":1,"minecraft:furnace":1,"minecraft:birch_door":3,"minecraft:stone":2,"minecraft:birch_planks":84,"minecraft:stone_axe":1},"minecraft:picked_up":{"minecraft:birch_log":21,"minecraft:pink_petals":4,"minecraft:birch_planks":1,"minecraft:porkchop":1,"minecraft:cherry_log":3,"minecraft:oak_log":8,"minecraft:spruce_log":12,"minecraft:lily_of_the_valley":2,"minecraft:dirt":1,"minecraft:rotten_flesh":2,"minecraft:wheat_seeds":2,"minecraft:cherry_sapling":1,"minecraft:oak_sapling":1,"minecraft:birch_sapling":1,"minecraft:cobblestone":34,"minecraft:wooden_axe":1},"minecraft:custom":{"minecraft:time_since_rest":7400,"minecraft:interact_with_furnace":3,"minecraft:sprint_one_cm":62040,"minecraft:damage_taken":549,"minecraft:walk_one_cm":54148,"minecraft:mob_kills":3,"minecraft:drop":1,"minecraft:damage_dealt":474,"minecraft:interact_with_crafting_table":16,"minecraft:fly_one_cm":106946,"minecraft:crouch_one_cm":917,"minecraft:play_time":27608,"minecraft:deaths":1,"minecraft:sneak_time":410,"minecraft:jump":465,"minecraft:time_since_death":7326,"minecraft:interact_with_smoker":1,"minecraft:total_world_time":27608,"minecraft:fall_one_cm":13516},"minecraft:broken":{"minecraft:wooden_axe":1},"minecraft:mined":{"minecraft:birch_planks":1,"minecraft:oak_sapling":1,"minecraft:lily_of_the_valley":2,"minecraft:birch_log":21,"minecraft:cherry_log":3,"minecraft:spruce_log":12,"minecraft:cherry_sapling":1,"minecraft:birch_leaves":2,"minecraft:bee_nest":1,"minecraft:short_grass":3,"minecraft:oak_log":8,"minecraft:dirt":1,"minecraft:tall_grass":5,"minecraft:stone":35,"minecraft:pink_petals":2},"minecraft:killed":{"minecraft:zombie":2,"minecraft:pig":1},"minecraft:used":{"minecraft:birch_door":1,"minecraft:cherry_sapling":1,"minecraft:wooden_axe":59,"minecraft:stone_pickaxe":27,"minecraft:birch_planks":62,"minecraft:oak_planks":23,"minecraft:wooden_pickaxe":9,"minecraft:rotten_flesh":2,"minecraft:stone_axe":2,"minecraft:pink_petals":3,"minecraft:wooden_sword":17,"minecraft:lily_of_the_valley":1,"minecraft:crafting_table":2,"minecraft:furnace":1,"minecraft:oak_sapling":1,"minecraft:porkchop":1},"minecraft:dropped":{"minecraft:lily_of_the_valley":1},"minecraft:killed_by":{"minecraft:creeper":1}},"DataVersion":3953}