{"stats":{"minecraft:crafted":{"minecraft:cooked_beef":7,"minecraft:oak_planks":52,"minecraft:crafting_table":4,"minecraft:wooden_pickaxe":1,"minecraft:iron_helmet":1,"minecraft:furnace":2,"minecraft:birch_planks":20,"minecraft:stone_axe":1,"minecraft:oak_boat":1,"minecraft:iron_boots":1,"minecraft:iron_chestplate":1,"minecraft:shield":1,"minecraft:iron_axe":1,"minecraft:stick":32,"minecraft:iron_ingot":52,"minecraft:iron_pickaxe":1,"minecraft:stone_pickaxe":1,"minecraft:iron_leggings":1,"minecraft:white_bed":1,"minecraft:torch":8},"minecraft:picked_up":{"minecraft:birch_log":5,"minecraft:pink_petals":10,"minecraft:crafting_table":2,"minecraft:feather":3,"minecraft:cooked_beef":4,"minecraft:chicken":3,"minecraft:cherry_leaves":23,"minecraft:andesite":1,"minecraft:leather":5,"minecraft:wooden_pickaxe":1,"minecraft:oak_log":13,"minecraft:dirt":1,"minecraft:string":1,"minecraft:cooked_mutton":5,"minecraft:bone":1,"minecraft:wheat_seeds":2,"minecraft:beef":19,"minecraft:bolt_armor_trim_smithing_template":1,"minecraft:egg":2,"minecraft:furnace":5,"minecraft:stick":30,"minecraft:raw_iron":59,"minecraft:torch":2,"minecraft:gravel":1,"minecraft:cherry_log":8,"minecraft:white_bed":2,"minecraft:arrow":2,"minecraft:rotten_flesh":1,"minecraft:slime_ball":1,"minecraft:cherry_sapling":40,"minecraft:emerald":2,"minecraft:mutton":5,"minecraft:coal":75,"minecraft:white_wool":3,"minecraft:cobblestone":60},"minecraft:custom":{"minecraft:interact_with_furnace":31,"minecraft:mob_kills":18,"minecraft:interact_with_crafting_table":42,"minecraft:leave_game":4,"minecraft:time_since_death":58885,"minecraft:sleep_in_bed":4,"minecraft:time_since_rest":20948,"minecraft:sprint_one_cm":159250,"minecraft:damage_taken":1209,"minecraft:walk_one_cm":130811,"minecraft:damage_blocked_by_shield":6,"minecraft:drop":1,"minecraft:damage_dealt":2962,"minecraft:swim_one_cm":11234,"minecraft:player_kills":1,"minecraft:fly_one_cm":181061,"minecraft:open_chest":4,"minecraft:crouch_one_cm":1030,"minecraft:play_time":58885,"minecraft:sneak_time":505,"minecraft:walk_under_water_one_cm":23955,"minecraft:boat_one_cm":17419,"minecraft:jump":1403,"minecraft:walk_on_water_one_cm":13295,"minecraft:total_world_time":58885,"minecraft:fall_one_cm":35939},"minecraft:mined":{"minecraft:white_bed":4,"minecraft:cherry_log":5,"minecraft:crafting_table":2,"minecraft:torch":1,"minecraft:short_grass":10,"minecraft:emerald_ore":2,"minecraft:grass_block":1,"minecraft:cobblestone":4,"minecraft:pink_petals":3,"minecraft:tall_seagrass":1,"minecraft:furnace":5,"minecraft:birch_log":5,"minecraft:iron_ore":60,"minecraft:andesite":1,"minecraft:birch_leaves":3,"minecraft:bee_nest":1,"minecraft:oak_log":13,"minecraft:coal_ore":50,"minecraft:cherry_leaves":17,"minecraft:gravel":1,"minecraft:stone":55,"minecraft:oak_leaves":5},"minecraft:killed":{"minecraft:spider":1,"minecraft:creeper":2,"minecraft:sheep":3,"minecraft:skeleton":2,"minecraft:zombie":2,"minecraft:chicken":3,"minecraft:cow":5},"minecraft:used":{"minecraft:cooked_mutton":5,"minecraft:cherry_sapling":73,"minecraft:stone_pickaxe":120,"minecraft:oak_planks":1,"minecraft:wooden_pickaxe":6,"minecraft:shield":5,"minecraft:torch":10,"minecraft:dirt":1,"minecraft:crafting_table":6,"minecraft:white_bed":2,"minecraft:iron_axe":25,"minecraft:iron_pickaxe":54,"minecraft:cherry_leaves":3,"minecraft:gravel":1,"minecraft:stone_axe":67,"minecraft:cobblestone":7,"minecraft:furnace":5,"minecraft:andesite":1,"minecraft:oak_boat":1,"minecraft:egg":2,"minecraft:cooked_beef":11},"minecraft:dropped":{"minecraft:wheat_seeds":1}},"DataVersion":3953}