{"stats":{"minecraft:mined":{"minecraft:white_bed":4,"minecraft:spruce_planks":2,"minecraft:redstone_block":1,"minecraft:smoker":1,"minecraft:cherry_log":5,"minecraft:crafting_table":2,"minecraft:torch":1,"minecraft:short_grass":10,"minecraft:emerald_ore":3,"minecraft:grass_block":1,"minecraft:decorated_pot":2,"minecraft:jungle_planks":1,"minecraft:tall_grass":2,"minecraft:cobblestone":4,"minecraft:sandstone":3,"minecraft:pink_petals":3,"minecraft:spruce_stairs":1,"minecraft:tall_seagrass":2,"minecraft:redstone_ore":4,"minecraft:furnace":5,"minecraft:birch_log":5,"minecraft:iron_ore":60,"minecraft:birch_leaves":3,"minecraft:andesite":1,"minecraft:bee_nest":1,"minecraft:coal_ore":50,"minecraft:oak_log":43,"minecraft:cherry_leaves":17,"minecraft:sand":23,"minecraft:gravel":1,"minecraft:stone":60,"minecraft:oak_leaves":14,"minecraft:fern":1},"minecraft:custom":{"minecraft:interact_with_furnace":34,"minecraft:mob_kills":29,"minecraft:interact_with_crafting_table":44,"minecraft:bell_ring":1,"minecraft:leave_game":8,"minecraft:time_since_death":87734,"minecraft:sleep_in_bed":4,"minecraft:climb_one_cm":230,"minecraft:time_since_rest":49797,"minecraft:sprint_one_cm":225806,"minecraft:damage_taken":1522,"minecraft:walk_one_cm":181165,"minecraft:damage_blocked_by_shield":6,"minecraft:drop":34,"minecraft:damage_dealt":5316,"minecraft:player_kills":1,"minecraft:swim_one_cm":28217,"minecraft:fly_one_cm":311753,"minecraft:open_chest":17,"minecraft:crouch_one_cm":1873,"minecraft:play_time":87734,"minecraft:sneak_time":1559,"minecraft:walk_under_water_one_cm":31825,"minecraft:boat_one_cm":142672,"minecraft:jump":2115,"minecraft:walk_on_water_one_cm":22113,"minecraft:total_world_time":87734,"minecraft:fall_one_cm":56479},"minecraft:used":{"minecraft:cherry_sapling":73,"minecraft:cooked_mutton":5,"minecraft:stone_pickaxe":120,"minecraft:oak_planks":1,"minecraft:wooden_pickaxe":6,"minecraft:shield":5,"minecraft:cooked_chicken":8,"minecraft:torch":10,"minecraft:dirt":1,"minecraft:crafting_table":6,"minecraft:white_bed":2,"minecraft:iron_axe":116,"minecraft:iron_pickaxe":75,"minecraft:gravel":1,"minecraft:cherry_leaves":3,"minecraft:stone_axe":67,"minecraft:cobblestone":17,"minecraft:furnace":6,"minecraft:andesite":1,"minecraft:egg":2,"minecraft:oak_boat":2,"minecraft:cooked_beef":11},"minecraft:dropped":{"minecraft:stone_axe":1,"minecraft:wheat_seeds":5,"minecraft:leather":1,"minecraft:jungle_planks":1,"minecraft:shears":1,"minecraft:oak_sapling":1,"minecraft:cherry_leaves":21,"minecraft:slime_ball":1,"minecraft:stone_pickaxe":1,"minecraft:wooden_pickaxe":1,"minecraft:pink_petals":10,"minecraft:redstone_block":1,"minecraft:bone":1},"minecraft:crafted":{"minecraft:cooked_beef":7,"minecraft:oak_planks":52,"minecraft:leather_boots":1,"minecraft:crafting_table":4,"minecraft:iron_helmet":1,"minecraft:wooden_pickaxe":1,"minecraft:cooked_chicken":3,"minecraft:furnace":2,"minecraft:birch_planks":20,"minecraft:stone_axe":1,"minecraft:oak_boat":1,"minecraft:iron_boots":1,"minecraft:iron_chestplate":1,"minecraft:shield":1,"minecraft:iron_axe":1,"minecraft:stick":32,"minecraft:iron_ingot":52,"minecraft:iron_pickaxe":1,"minecraft:stone_pickaxe":1,"minecraft:iron_leggings":1,"minecraft:white_bed":1,"minecraft:torch":8,"minecraft:shears":1},"minecraft:picked_up":{"minecraft:birch_log":5,"minecraft:pink_petals":10,"minecraft:crafting_table":2,"minecraft:cooked_beef":4,"minecraft:feather":3,"minecraft:redstone_block":1,"minecraft:splash_potion":1,"minecraft:chicken":3,"minecraft:cherry_leaves":24,"minecraft:andesite":1,"minecraft:leather":5,"minecraft:wooden_pickaxe":1,"minecraft:oak_log":43,"minecraft:string":1,"minecraft:dirt":1,"minecraft:cooked_mutton":5,"minecraft:bone":2,"minecraft:beetroot":1,"minecraft:wheat_seeds":5,"minecraft:spruce_planks":2,"minecraft:beef":19,"minecraft:oak_boat":1,"minecraft:bolt_armor_trim_smithing_template":1,"minecraft:furnace":5,"minecraft:egg":4,"minecraft:stick":32,"minecraft:raw_iron":59,"minecraft:copper_ingot":1,"minecraft:torch":2,"minecraft:spruce_stairs":1,"minecraft:spruce_fence":1,"minecraft:gravel":1,"minecraft:sand":21,"minecraft:jungle_planks":2,"minecraft:cherry_log":8,"minecraft:white_bed":2,"minecraft:spruce_log":1,"minecraft:redstone":17,"minecraft:arrow":2,"minecraft:rotten_flesh":7,"minecraft:slime_ball":1,"minecraft:jungle_stairs":1,"minecraft:cherry_sapling":40,"minecraft:emerald":3,"minecraft:oak_sapling":1,"minecraft:mutton":5,"minecraft:coal":75,"minecraft:white_wool":3,"minecraft:cobblestone":65},"minecraft:killed":{"minecraft:spider":2,"minecraft:creeper":2,"minecraft:skeleton":2,"minecraft:sheep":3,"minecraft:zombie":5,"minecraft:chicken":3,"minecraft:drowned":7,"minecraft:cow":5}},"DataVersion":3953}