{"stats":{"minecraft:picked_up":{"minecraft:crafting_table":2,"minecraft:cooked_beef":1,"minecraft:feather":3,"minecraft:chicken":3,"minecraft:leather":5,"minecraft:wooden_pickaxe":1,"minecraft:gravel":1,"minecraft:oak_log":4,"minecraft:string":1,"minecraft:dirt":1,"minecraft:bone":1,"minecraft:arrow":2,"minecraft:rotten_flesh":1,"minecraft:beef":17,"minecraft:mutton":5,"minecraft:coal":10,"minecraft:furnace":1,"minecraft:white_wool":3,"minecraft:cobblestone":16,"minecraft:egg":1},"minecraft:crafted":{"minecraft:cooked_beef":4,"minecraft:oak_planks":16,"minecraft:crafting_table":1,"minecraft:stick":8,"minecraft:wooden_pickaxe":1,"minecraft:stone_pickaxe":1,"minecraft:furnace":1,"minecraft:stone_axe":1},"minecraft:custom":{"minecraft:time_since_rest":12359,"minecraft:interact_with_furnace":5,"minecraft:sprint_one_cm":46686,"minecraft:damage_taken":289,"minecraft:walk_one_cm":36061,"minecraft:mob_kills":15,"minecraft:damage_dealt":1680,"minecraft:swim_one_cm":4509,"minecraft:interact_with_crafting_table":4,"minecraft:fly_one_cm":44839,"minecraft:play_time":12359,"minecraft:walk_under_water_one_cm":6416,"minecraft:jump":365,"minecraft:time_since_death":12359,"minecraft:walk_on_water_one_cm":2649,"minecraft:total_world_time":12359,"minecraft:fall_one_cm":6622},"minecraft:mined":{"minecraft:furnace":1,"minecraft:crafting_table":2,"minecraft:oak_log":4,"minecraft:grass_block":1,"minecraft:coal_ore":10,"minecraft:gravel":1,"minecraft:stone":16,"minecraft:oak_leaves":3},"minecraft:used":{"minecraft:stone_pickaxe":23,"minecraft:wooden_pickaxe":6,"minecraft:stone_axe":30,"minecraft:crafting_table":2,"minecraft:furnace":1,"minecraft:egg":1,"minecraft:cooked_beef":3},"minecraft:killed":{"minecraft:sheep":3,"minecraft:skeleton":1,"minecraft:zombie":1,"minecraft:chicken":3,"minecraft:spider":1,"minecraft:creeper":1,"minecraft:cow":5}},"DataVersion":3953}