{"stats":{"minecraft:picked_up":{"minecraft:birch_log":5,"minecraft:crafting_table":2,"minecraft:raw_iron":2,"minecraft:feather":3,"minecraft:cooked_beef":1,"minecraft:chicken":3,"minecraft:andesite":1,"minecraft:leather":5,"minecraft:wooden_pickaxe":1,"minecraft:gravel":1,"minecraft:oak_log":13,"minecraft:white_bed":1,"minecraft:dirt":1,"minecraft:string":1,"minecraft:bone":1,"minecraft:arrow":2,"minecraft:rotten_flesh":1,"minecraft:beef":17,"minecraft:mutton":5,"minecraft:coal":17,"minecraft:furnace":1,"minecraft:white_wool":3,"minecraft:cobblestone":28,"minecraft:egg":2},"minecraft:crafted":{"minecraft:cooked_beef":6,"minecraft:oak_planks":16,"minecraft:crafting_table":2,"minecraft:stick":8,"minecraft:wooden_pickaxe":1,"minecraft:stone_pickaxe":1,"minecraft:furnace":1,"minecraft:white_bed":1,"minecraft:birch_planks":8,"minecraft:stone_axe":1},"minecraft:custom":{"minecraft:time_since_rest":5080,"minecraft:damage_taken":519,"minecraft:interact_with_furnace":8,"minecraft:sprint_one_cm":72995,"minecraft:walk_one_cm":55541,"minecraft:mob_kills":16,"minecraft:damage_dealt":1881,"minecraft:swim_one_cm":4509,"minecraft:interact_with_crafting_table":37,"minecraft:fly_one_cm":82471,"minecraft:play_time":23786,"minecraft:walk_under_water_one_cm":6416,"minecraft:jump":613,"minecraft:leave_game":2,"minecraft:time_since_death":23786,"minecraft:walk_on_water_one_cm":2890,"minecraft:sleep_in_bed":2,"minecraft:total_world_time":23786,"minecraft:fall_one_cm":11721},"minecraft:mined":{"minecraft:white_bed":1,"minecraft:furnace":1,"minecraft:birch_log":5,"minecraft:iron_ore":2,"minecraft:birch_leaves":3,"minecraft:andesite":1,"minecraft:bee_nest":1,"minecraft:crafting_table":2,"minecraft:coal_ore":18,"minecraft:grass_block":1,"minecraft:oak_log":13,"minecraft:gravel":1,"minecraft:stone":29,"minecraft:oak_leaves":5},"minecraft:used":{"minecraft:stone_pickaxe":47,"minecraft:wooden_pickaxe":6,"minecraft:stone_axe":53,"minecraft:crafting_table":4,"minecraft:furnace":2,"minecraft:white_bed":1,"minecraft:egg":2,"minecraft:cooked_beef":7},"minecraft:killed":{"minecraft:sheep":3,"minecraft:skeleton":1,"minecraft:zombie":2,"minecraft:chicken":3,"minecraft:spider":1,"minecraft:creeper":1,"minecraft:cow":5}},"DataVersion":3953}