{"stats":{"minecraft:crafted":{"minecraft:cooked_beef":7,"minecraft:oak_planks":52,"minecraft:leather_boots":1,"minecraft:crafting_table":4,"minecraft:cooked_chicken":3,"minecraft:wooden_pickaxe":1,"minecraft:iron_helmet":1,"minecraft:furnace":2,"minecraft:birch_planks":20,"minecraft:stone_axe":1,"minecraft:oak_boat":1,"minecraft:iron_boots":1,"minecraft:iron_chestplate":1,"minecraft:shield":1,"minecraft:iron_axe":1,"minecraft:stick":32,"minecraft:iron_ingot":52,"minecraft:iron_pickaxe":1,"minecraft:stone_pickaxe":1,"minecraft:iron_leggings":1,"minecraft:white_bed":1,"minecraft:torch":8,"minecraft:shears":1},"minecraft:picked_up":{"minecraft:birch_log":5,"minecraft:pink_petals":10,"minecraft:crafting_table":2,"minecraft:splash_potion":1,"minecraft:feather":3,"minecraft:cooked_beef":4,"minecraft:redstone_block":1,"minecraft:chicken":3,"minecraft:cherry_leaves":24,"minecraft:andesite":1,"minecraft:leather":5,"minecraft:wooden_pickaxe":1,"minecraft:oak_log":43,"minecraft:dirt":1,"minecraft:string":1,"minecraft:cooked_mutton":5,"minecraft:bone":2,"minecraft:wheat_seeds":5,"minecraft:beef":19,"minecraft:oak_boat":1,"minecraft:bolt_armor_trim_smithing_template":1,"minecraft:egg":4,"minecraft:furnace":5,"minecraft:stick":32,"minecraft:raw_iron":59,"minecraft:copper_ingot":1,"minecraft:torch":2,"minecraft:gravel":1,"minecraft:cherry_log":8,"minecraft:white_bed":2,"minecraft:redstone":17,"minecraft:arrow":2,"minecraft:rotten_flesh":5,"minecraft:slime_ball":1,"minecraft:cherry_sapling":40,"minecraft:emerald":3,"minecraft:oak_sapling":1,"minecraft:mutton":5,"minecraft:coal":75,"minecraft:white_wool":3,"minecraft:cobblestone":65},"minecraft:custom":{"minecraft:interact_with_furnace":34,"minecraft:mob_kills":28,"minecraft:interact_with_crafting_table":44,"minecraft:bell_ring":1,"minecraft:leave_game":6,"minecraft:time_since_death":82057,"minecraft:sleep_in_bed":4,"minecraft:climb_one_cm":230,"minecraft:time_since_rest":44120,"minecraft:sprint_one_cm":218749,"minecraft:damage_taken":1517,"minecraft:walk_one_cm":169136,"minecraft:damage_blocked_by_shield":6,"minecraft:drop":33,"minecraft:damage_dealt":5116,"minecraft:swim_one_cm":28217,"minecraft:player_kills":1,"minecraft:fly_one_cm":305268,"minecraft:open_chest":16,"minecraft:crouch_one_cm":1791,"minecraft:play_time":82057,"minecraft:sneak_time":1470,"minecraft:walk_under_water_one_cm":31257,"minecraft:boat_one_cm":93030,"minecraft:jump":2057,"minecraft:walk_on_water_one_cm":21632,"minecraft:total_world_time":82057,"minecraft:fall_one_cm":56003},"minecraft:mined":{"minecraft:redstone_block":1,"minecraft:white_bed":4,"minecraft:smoker":1,"minecraft:cherry_log":5,"minecraft:crafting_table":2,"minecraft:torch":1,"minecraft:short_grass":10,"minecraft:emerald_ore":3,"minecraft:grass_block":1,"minecraft:tall_grass":2,"minecraft:cobblestone":4,"minecraft:pink_petals":3,"minecraft:tall_seagrass":2,"minecraft:redstone_ore":4,"minecraft:furnace":5,"minecraft:birch_log":5,"minecraft:iron_ore":60,"minecraft:andesite":1,"minecraft:birch_leaves":3,"minecraft:bee_nest":1,"minecraft:oak_log":43,"minecraft:coal_ore":50,"minecraft:cherry_leaves":17,"minecraft:gravel":1,"minecraft:stone":60,"minecraft:oak_leaves":14,"minecraft:fern":1},"minecraft:killed":{"minecraft:spider":2,"minecraft:creeper":2,"minecraft:skeleton":2,"minecraft:sheep":3,"minecraft:zombie":4,"minecraft:chicken":3,"minecraft:drowned":7,"minecraft:cow":5},"minecraft:used":{"minecraft:cooked_mutton":5,"minecraft:cherry_sapling":73,"minecraft:stone_pickaxe":120,"minecraft:oak_planks":1,"minecraft:wooden_pickaxe":6,"minecraft:shield":5,"minecraft:cooked_chicken":8,"minecraft:torch":10,"minecraft:dirt":1,"minecraft:crafting_table":6,"minecraft:white_bed":2,"minecraft:iron_axe":110,"minecraft:iron_pickaxe":68,"minecraft:cherry_leaves":3,"minecraft:gravel":1,"minecraft:stone_axe":67,"minecraft:cobblestone":17,"minecraft:furnace":6,"minecraft:andesite":1,"minecraft:egg":2,"minecraft:oak_boat":2,"minecraft:cooked_beef":11},"minecraft:dropped":{"minecraft:stone_axe":1,"minecraft:wheat_seeds":5,"minecraft:leather":1,"minecraft:shears":1,"minecraft:oak_sapling":1,"minecraft:cherry_leaves":21,"minecraft:slime_ball":1,"minecraft:stone_pickaxe":1,"minecraft:wooden_pickaxe":1,"minecraft:pink_petals":10,"minecraft:redstone_block":1,"minecraft:bone":1}},"DataVersion":3953}