{"stats":{"minecraft:crafted":{"minecraft:cooked_beef":7,"minecraft:oak_planks":16,"minecraft:crafting_table":3,"minecraft:stick":8,"minecraft:wooden_pickaxe":1,"minecraft:stone_pickaxe":1,"minecraft:furnace":2,"minecraft:white_bed":1,"minecraft:torch":8,"minecraft:birch_planks":8,"minecraft:stone_axe":1},"minecraft:picked_up":{"minecraft:birch_log":5,"minecraft:crafting_table":2,"minecraft:raw_iron":52,"minecraft:feather":3,"minecraft:cooked_beef":4,"minecraft:chicken":3,"minecraft:andesite":1,"minecraft:leather":5,"minecraft:wooden_pickaxe":1,"minecraft:gravel":1,"minecraft:oak_log":13,"minecraft:white_bed":1,"minecraft:dirt":1,"minecraft:string":1,"minecraft:bone":1,"minecraft:arrow":2,"minecraft:rotten_flesh":1,"minecraft:wheat_seeds":1,"minecraft:beef":19,"minecraft:bolt_armor_trim_smithing_template":1,"minecraft:mutton":5,"minecraft:coal":39,"minecraft:furnace":3,"minecraft:white_wool":3,"minecraft:cobblestone":48,"minecraft:egg":2},"minecraft:custom":{"minecraft:time_since_rest":16665,"minecraft:damage_taken":972,"minecraft:sprint_one_cm":88391,"minecraft:interact_with_furnace":16,"minecraft:walk_one_cm":82058,"minecraft:mob_kills":17,"minecraft:damage_dealt":2407,"minecraft:swim_one_cm":11234,"minecraft:interact_with_crafting_table":38,"minecraft:fly_one_cm":97662,"minecraft:play_time":35371,"minecraft:crouch_one_cm":931,"minecraft:sneak_time":427,"minecraft:walk_under_water_one_cm":21714,"minecraft:jump":827,"minecraft:leave_game":3,"minecraft:time_since_death":35371,"minecraft:walk_on_water_one_cm":8165,"minecraft:sleep_in_bed":2,"minecraft:total_world_time":35371,"minecraft:fall_one_cm":16552},"minecraft:mined":{"minecraft:tall_seagrass":1,"minecraft:white_bed":1,"minecraft:furnace":3,"minecraft:birch_log":5,"minecraft:iron_ore":53,"minecraft:birch_leaves":3,"minecraft:andesite":1,"minecraft:bee_nest":1,"minecraft:crafting_table":2,"minecraft:grass_block":1,"minecraft:oak_log":13,"minecraft:coal_ore":18,"minecraft:gravel":1,"minecraft:stone":47,"minecraft:oak_leaves":5},"minecraft:used":{"minecraft:stone_pickaxe":118,"minecraft:oak_planks":1,"minecraft:wooden_pickaxe":6,"minecraft:gravel":1,"minecraft:torch":1,"minecraft:stone_axe":67,"minecraft:dirt":1,"minecraft:cobblestone":3,"minecraft:crafting_table":5,"minecraft:furnace":5,"minecraft:andesite":1,"minecraft:white_bed":1,"minecraft:egg":2,"minecraft:cooked_beef":11},"minecraft:killed":{"minecraft:sheep":3,"minecraft:skeleton":2,"minecraft:zombie":2,"minecraft:chicken":3,"minecraft:spider":1,"minecraft:creeper":1,"minecraft:cow":5}},"DataVersion":3953}