{"stats":{"minecraft:picked_up":{"minecraft:birch_log":5,"minecraft:pink_petals":6,"minecraft:crafting_table":2,"minecraft:feather":3,"minecraft:cooked_beef":4,"minecraft:chicken":3,"minecraft:andesite":1,"minecraft:leather":5,"minecraft:wooden_pickaxe":1,"minecraft:oak_log":13,"minecraft:string":1,"minecraft:dirt":1,"minecraft:cooked_mutton":5,"minecraft:bone":1,"minecraft:wheat_seeds":2,"minecraft:beef":19,"minecraft:bolt_armor_trim_smithing_template":1,"minecraft:egg":2,"minecraft:furnace":5,"minecraft:stick":19,"minecraft:raw_iron":52,"minecraft:gravel":1,"minecraft:cherry_log":5,"minecraft:white_bed":2,"minecraft:arrow":2,"minecraft:rotten_flesh":1,"minecraft:slime_ball":1,"minecraft:cherry_sapling":24,"minecraft:mutton":5,"minecraft:coal":70,"minecraft:white_wool":3,"minecraft:cobblestone":55},"minecraft:crafted":{"minecraft:cooked_beef":7,"minecraft:oak_planks":52,"minecraft:crafting_table":3,"minecraft:iron_helmet":1,"minecraft:wooden_pickaxe":1,"minecraft:furnace":2,"minecraft:birch_planks":20,"minecraft:stone_axe":1,"minecraft:iron_boots":1,"minecraft:iron_chestplate":1,"minecraft:shield":1,"minecraft:iron_axe":1,"minecraft:stick":32,"minecraft:iron_ingot":52,"minecraft:iron_pickaxe":1,"minecraft:stone_pickaxe":1,"minecraft:iron_leggings":1,"minecraft:white_bed":1,"minecraft:torch":8},"minecraft:custom":{"minecraft:interact_with_furnace":31,"minecraft:mob_kills":18,"minecraft:interact_with_crafting_table":41,"minecraft:leave_game":3,"minecraft:time_since_death":47371,"minecraft:sleep_in_bed":4,"minecraft:time_since_rest":9434,"minecraft:sprint_one_cm":110977,"minecraft:damage_taken":1101,"minecraft:walk_one_cm":103477,"minecraft:damage_blocked_by_shield":6,"minecraft:drop":1,"minecraft:damage_dealt":2877,"minecraft:player_kills":1,"minecraft:swim_one_cm":11234,"minecraft:fly_one_cm":131867,"minecraft:open_chest":1,"minecraft:crouch_one_cm":1030,"minecraft:play_time":47371,"minecraft:sneak_time":505,"minecraft:walk_under_water_one_cm":21714,"minecraft:jump":1068,"minecraft:walk_on_water_one_cm":8165,"minecraft:total_world_time":47371,"minecraft:fall_one_cm":24182},"minecraft:mined":{"minecraft:white_bed":3,"minecraft:cherry_log":5,"minecraft:crafting_table":2,"minecraft:short_grass":8,"minecraft:grass_block":1,"minecraft:cobblestone":4,"minecraft:pink_petals":2,"minecraft:tall_seagrass":1,"minecraft:furnace":5,"minecraft:birch_log":5,"minecraft:iron_ore":53,"minecraft:andesite":1,"minecraft:birch_leaves":3,"minecraft:bee_nest":1,"minecraft:coal_ore":45,"minecraft:oak_log":13,"minecraft:cherry_leaves":7,"minecraft:gravel":1,"minecraft:stone":50,"minecraft:oak_leaves":5},"minecraft:killed":{"minecraft:spider":1,"minecraft:creeper":2,"minecraft:sheep":3,"minecraft:skeleton":2,"minecraft:zombie":2,"minecraft:chicken":3,"minecraft:cow":5},"minecraft:used":{"minecraft:cooked_mutton":4,"minecraft:cherry_sapling":24,"minecraft:stone_pickaxe":120,"minecraft:oak_planks":1,"minecraft:shield":5,"minecraft:wooden_pickaxe":6,"minecraft:torch":1,"minecraft:dirt":1,"minecraft:crafting_table":5,"minecraft:white_bed":2,"minecraft:iron_axe":22,"minecraft:iron_pickaxe":35,"minecraft:gravel":1,"minecraft:stone_axe":67,"minecraft:cobblestone":7,"minecraft:furnace":5,"minecraft:andesite":1,"minecraft:egg":2,"minecraft:cooked_beef":11},"minecraft:dropped":{"minecraft:wheat_seeds":1}},"DataVersion":3953}