{"stats":{"minecraft:crafted":{"minecraft:cooked_beef":5,"minecraft:oak_planks":40,"minecraft:charcoal":2,"minecraft:crafting_table":2,"minecraft:stick":16,"minecraft:wooden_pickaxe":2,"minecraft:stone_pickaxe":2,"minecraft:wooden_axe":1,"minecraft:stone_sword":1,"minecraft:furnace":3,"minecraft:torch":4,"minecraft:stone_axe":1,"minecraft:air":0},"minecraft:picked_up":{"minecraft:wooden_axe":1,"minecraft:raw_iron":10,"minecraft:crafting_table":4,"minecraft:feather":2,"minecraft:chicken":3,"minecraft:pumpkin":8,"minecraft:leather":5,"minecraft:torch":2,"minecraft:wooden_pickaxe":1,"minecraft:oak_log":23,"minecraft:spider_eye":1,"minecraft:dirt":3,"minecraft:beef":11,"minecraft:oak_sapling":2,"minecraft:coal":1,"minecraft:mutton":9,"minecraft:oak_planks":17,"minecraft:egg":3,"minecraft:white_wool":6,"minecraft:cobblestone":77,"minecraft:furnace":2},"minecraft:custom":{"minecraft:time_since_rest":9602,"minecraft:interact_with_furnace":10,"minecraft:sprint_one_cm":203526,"minecraft:damage_taken":960,"minecraft:walk_one_cm":48427,"minecraft:mob_kills":11,"minecraft:damage_dealt":1008,"minecraft:interact_with_crafting_table":11,"minecraft:swim_one_cm":12160,"minecraft:fly_one_cm":219275,"minecraft:crouch_one_cm":6471,"minecraft:play_time":31330,"minecraft:deaths":3,"minecraft:sneak_time":2040,"minecraft:walk_under_water_one_cm":307,"minecraft:jump":1002,"minecraft:walk_on_water_one_cm":2320,"minecraft:time_since_death":9574,"minecraft:total_world_time":31330,"minecraft:fall_one_cm":28303},"minecraft:mined":{"minecraft:furnace":2,"minecraft:iron_ore":10,"minecraft:pumpkin":8,"minecraft:torch":2,"minecraft:crafting_table":3,"minecraft:short_grass":5,"minecraft:coal_ore":1,"minecraft:grass_block":3,"minecraft:oak_log":18,"minecraft:cobblestone":16,"minecraft:stone":68,"minecraft:oak_leaves":7},"minecraft:used":{"minecraft:wooden_axe":14,"minecraft:stone_sword":9,"minecraft:stone_pickaxe":72,"minecraft:oak_planks":4,"minecraft:wooden_pickaxe":25,"minecraft:torch":2,"minecraft:stone_axe":11,"minecraft:cobblestone":28,"minecraft:dirt":3,"minecraft:mutton":1,"minecraft:crafting_table":4,"minecraft:furnace":4,"minecraft:cooked_beef":3,"minecraft:pumpkin":8},"minecraft:killed":{"minecraft:sheep":4,"minecraft:chicken":3,"minecraft:spider":1,"minecraft:cow":3},"minecraft:killed_by":{"minecraft:player":2}},"DataVersion":3953}