{"stats":{"minecraft:crafted":{"minecraft:cooked_beef":5,"minecraft:smooth_stone":3,"minecraft:oak_planks":64,"minecraft:crafting_table":2,"minecraft:wooden_pickaxe":2,"minecraft:cooked_chicken":3,"minecraft:furnace":3,"minecraft:blast_furnace":1,"minecraft:stone":3,"minecraft:bucket":2,"minecraft:stone_axe":1,"minecraft:cooked_mutton":5,"minecraft:air":0,"minecraft:iron_chestplate":1,"minecraft:charcoal":2,"minecraft:shield":1,"minecraft:stick":24,"minecraft:iron_ingot":32,"minecraft:iron_pickaxe":1,"minecraft:stone_pickaxe":2,"minecraft:wooden_axe":1,"minecraft:stone_sword":1,"minecraft:white_bed":1,"minecraft:torch":28},"minecraft:picked_up":{"minecraft:wooden_axe":1,"minecraft:crafting_table":7,"minecraft:feather":2,"minecraft:chicken":3,"minecraft:leather":5,"minecraft:wooden_pickaxe":2,"minecraft:oak_log":23,"minecraft:dirt":3,"minecraft:cooked_mutton":2,"minecraft:wheat_seeds":4,"minecraft:beef":11,"minecraft:oak_planks":33,"minecraft:egg":3,"minecraft:furnace":9,"minecraft:raw_iron":132,"minecraft:cooked_porkchop":8,"minecraft:pumpkin":8,"minecraft:torch":11,"minecraft:porkchop":4,"minecraft:cherry_log":2,"minecraft:white_bed":4,"minecraft:spider_eye":1,"minecraft:cherry_sapling":6,"minecraft:gray_wool":1,"minecraft:oak_sapling":2,"minecraft:mutton":9,"minecraft:coal":49,"minecraft:white_wool":6,"minecraft:cobblestone":187},"minecraft:custom":{"minecraft:interact_with_furnace":49,"minecraft:mob_kills":20,"minecraft:interact_with_crafting_table":26,"minecraft:leave_game":1,"minecraft:time_since_death":45135,"minecraft:sleep_in_bed":5,"minecraft:time_since_rest":28641,"minecraft:sprint_one_cm":281426,"minecraft:damage_taken":1462,"minecraft:walk_one_cm":91820,"minecraft:damage_blocked_by_shield":61,"minecraft:damage_dealt":2107,"minecraft:player_kills":2,"minecraft:swim_one_cm":30979,"minecraft:fly_one_cm":368324,"minecraft:crouch_one_cm":17404,"minecraft:play_time":66891,"minecraft:deaths":3,"minecraft:sneak_time":6487,"minecraft:walk_under_water_one_cm":9475,"minecraft:jump":1896,"minecraft:interact_with_blast_furnace":2,"minecraft:walk_on_water_one_cm":14534,"minecraft:total_world_time":66891,"minecraft:fall_one_cm":55171},"minecraft:mined":{"minecraft:white_bed":4,"minecraft:cherry_log":1,"minecraft:crafting_table":6,"minecraft:torch":5,"minecraft:short_grass":39,"minecraft:grass_block":3,"minecraft:tall_grass":7,"minecraft:cobblestone":26,"minecraft:wall_torch":7,"minecraft:furnace":9,"minecraft:iron_ore":92,"minecraft:pumpkin":8,"minecraft:oak_log":18,"minecraft:coal_ore":38,"minecraft:stone":170,"minecraft:oak_leaves":7},"minecraft:killed":{"minecraft:armadillo":1,"minecraft:pig":6,"minecraft:spider":1,"minecraft:sheep":5,"minecraft:zombie":1,"minecraft:chicken":3,"minecraft:cow":3},"minecraft:used":{"minecraft:cooked_mutton":7,"minecraft:water_bucket":11,"minecraft:stone_sword":74,"minecraft:stone_pickaxe":79,"minecraft:oak_planks":4,"minecraft:shield":11,"minecraft:wooden_pickaxe":25,"minecraft:cooked_chicken":1,"minecraft:iron_chestplate":1,"minecraft:torch":28,"minecraft:dirt":3,"minecraft:mutton":1,"minecraft:crafting_table":7,"minecraft:blast_furnace":1,"minecraft:white_bed":4,"minecraft:wooden_axe":14,"minecraft:lava_bucket":12,"minecraft:iron_pickaxe":241,"minecraft:stone_axe":11,"minecraft:cobblestone":56,"minecraft:furnace":10,"minecraft:cooked_porkchop":2,"minecraft:bucket":25,"minecraft:cooked_beef":3,"minecraft:cherry_log":1,"minecraft:gray_wool":1,"minecraft:pumpkin":8},"minecraft:killed_by":{"minecraft:player":2}},"DataVersion":3953}