{"stats":{"minecraft:picked_up":{"minecraft:oak_sapling":1},"minecraft:custom":{"minecraft:jump":36,"minecraft:time_since_rest":1330,"minecraft:sprint_one_cm":18380,"minecraft:play_time":1330,"minecraft:walk_on_water_one_cm":82,"minecraft:time_since_death":1330,"minecraft:walk_one_cm":1491,"minecraft:total_world_time":1330,"minecraft:walk_under_water_one_cm":38,"minecraft:swim_one_cm":889,"minecraft:fall_one_cm":209,"minecraft:fly_one_cm":6306},"minecraft:mined":{"minecraft:oak_leaves":1}},"DataVersion":3953}