{"stats":{"minecraft:crafted":{"minecraft:cooked_beef":5,"minecraft:oak_planks":64,"minecraft:crafting_table":2,"minecraft:wooden_pickaxe":2,"minecraft:furnace":3,"minecraft:bucket":2,"minecraft:stone_axe":1,"minecraft:cooked_mutton":5,"minecraft:air":0,"minecraft:charcoal":2,"minecraft:shield":1,"minecraft:stick":20,"minecraft:iron_ingot":10,"minecraft:iron_pickaxe":1,"minecraft:stone_pickaxe":2,"minecraft:wooden_axe":1,"minecraft:stone_sword":1,"minecraft:white_bed":1,"minecraft:torch":12},"minecraft:picked_up":{"minecraft:wooden_axe":1,"minecraft:crafting_table":6,"minecraft:feather":2,"minecraft:chicken":3,"minecraft:leather":5,"minecraft:wooden_pickaxe":1,"minecraft:oak_log":23,"minecraft:dirt":3,"minecraft:cooked_mutton":2,"minecraft:wheat_seeds":2,"minecraft:beef":11,"minecraft:oak_planks":33,"minecraft:furnace":4,"minecraft:egg":3,"minecraft:raw_iron":10,"minecraft:cooked_porkchop":5,"minecraft:pumpkin":8,"minecraft:torch":6,"minecraft:porkchop":4,"minecraft:white_bed":3,"minecraft:spider_eye":1,"minecraft:gray_wool":1,"minecraft:oak_sapling":2,"minecraft:mutton":9,"minecraft:coal":8,"minecraft:white_wool":6,"minecraft:cobblestone":85},"minecraft:custom":{"minecraft:interact_with_furnace":24,"minecraft:mob_kills":18,"minecraft:interact_with_crafting_table":17,"minecraft:time_since_death":21574,"minecraft:sleep_in_bed":5,"minecraft:time_since_rest":5080,"minecraft:sprint_one_cm":231682,"minecraft:damage_taken":1020,"minecraft:walk_one_cm":61743,"minecraft:damage_dealt":1418,"minecraft:swim_one_cm":30979,"minecraft:fly_one_cm":249891,"minecraft:crouch_one_cm":8697,"minecraft:play_time":43330,"minecraft:deaths":3,"minecraft:sneak_time":2801,"minecraft:walk_under_water_one_cm":9438,"minecraft:jump":1195,"minecraft:walk_on_water_one_cm":10891,"minecraft:total_world_time":43330,"minecraft:fall_one_cm":33139},"minecraft:mined":{"minecraft:white_bed":3,"minecraft:crafting_table":5,"minecraft:torch":4,"minecraft:short_grass":31,"minecraft:grass_block":3,"minecraft:tall_grass":6,"minecraft:cobblestone":20,"minecraft:wall_torch":2,"minecraft:furnace":4,"minecraft:iron_ore":10,"minecraft:pumpkin":8,"minecraft:oak_log":18,"minecraft:coal_ore":10,"minecraft:stone":69,"minecraft:oak_leaves":7},"minecraft:killed":{"minecraft:armadillo":1,"minecraft:pig":5,"minecraft:spider":1,"minecraft:sheep":5,"minecraft:chicken":3,"minecraft:cow":3},"minecraft:used":{"minecraft:cooked_mutton":3,"minecraft:water_bucket":8,"minecraft:stone_sword":44,"minecraft:stone_pickaxe":79,"minecraft:oak_planks":4,"minecraft:wooden_pickaxe":25,"minecraft:torch":13,"minecraft:dirt":3,"minecraft:mutton":1,"minecraft:crafting_table":5,"minecraft:white_bed":3,"minecraft:wooden_axe":14,"minecraft:lava_bucket":7,"minecraft:iron_pickaxe":12,"minecraft:stone_axe":11,"minecraft:cobblestone":42,"minecraft:furnace":4,"minecraft:bucket":17,"minecraft:cooked_beef":3,"minecraft:pumpkin":8},"minecraft:killed_by":{"minecraft:player":2}},"DataVersion":3953}