{"stats":{"minecraft:broken":{"minecraft:iron_sword":1},"minecraft:mined":{"minecraft:white_bed":4,"minecraft:mossy_cobblestone":3,"minecraft:cherry_log":1,"minecraft:grass_block":9,"minecraft:decorated_pot":8,"minecraft:brown_mushroom_block":45,"minecraft:spruce_leaves":7,"minecraft:hay_block":41,"minecraft:furnace":11,"minecraft:iron_ore":116,"minecraft:snow":1,"minecraft:andesite":1,"minecraft:pumpkin":12,"minecraft:polished_deepslate":1,"minecraft:iron_bars":2,"minecraft:stone":204,"minecraft:brown_mushroom":3,"minecraft:snow_block":83,"minecraft:powder_snow":2,"minecraft:crafting_table":10,"minecraft:torch":23,"minecraft:short_grass":44,"minecraft:blast_furnace":3,"minecraft:emerald_ore":7,"minecraft:chest":2,"minecraft:campfire":1,"minecraft:mushroom_stem":11,"minecraft:tall_grass":9,"minecraft:cobblestone":44,"minecraft:wall_torch":16,"minecraft:seagrass":1,"minecraft:spruce_log":57,"minecraft:birch_leaves":2,"minecraft:oak_log":18,"minecraft:coal_ore":61,"minecraft:dirt":7,"minecraft:cobweb":5,"minecraft:red_mushroom_block":31,"minecraft:oak_leaves":19,"minecraft:fern":1},"minecraft:killed_by":{"minecraft:player":2},"minecraft:custom":{"minecraft:mob_kills":113,"minecraft:interact_with_crafting_table":41,"minecraft:open_barrel":11,"minecraft:interact_with_campfire":11,"minecraft:leave_game":4,"minecraft:time_since_death":162300,"minecraft:climb_one_cm":744,"minecraft:sprint_one_cm":859012,"minecraft:walk_one_cm":293966,"minecraft:damage_blocked_by_shield":922,"minecraft:drop":37,"minecraft:talked_to_villager":2,"minecraft:play_time":184056,"minecraft:deaths":3,"minecraft:sneak_time":12784,"minecraft:walk_under_water_one_cm":69743,"minecraft:jump":5156,"minecraft:interact_with_blast_furnace":22,"minecraft:walk_on_water_one_cm":35205,"minecraft:total_world_time":184056,"minecraft:interact_with_furnace":63,"minecraft:sleep_in_bed":6,"minecraft:time_since_rest":52392,"minecraft:damage_taken":3765,"minecraft:damage_dealt":12657,"minecraft:player_kills":2,"minecraft:swim_one_cm":83065,"minecraft:fly_one_cm":1004623,"minecraft:open_chest":30,"minecraft:crouch_one_cm":37449,"minecraft:interact_with_smoker":2,"minecraft:fall_one_cm":159919},"minecraft:used":{"minecraft:iron_shovel":88,"minecraft:stone_sword":74,"minecraft:polished_deepslate":1,"minecraft:decorated_pot":4,"minecraft:chest":4,"minecraft:shield":44,"minecraft:iron_sword":235,"minecraft:cooked_salmon":3,"minecraft:cooked_chicken":3,"minecraft:trial_key":1,"minecraft:iron_chestplate":1,"minecraft:torch":87,"minecraft:dirt":10,"minecraft:mutton":1,"minecraft:wooden_axe":14,"minecraft:lava_bucket":18,"minecraft:iron_axe":93,"minecraft:barrel":1,"minecraft:bow":19,"minecraft:furnace":11,"minecraft:cooked_beef":4,"minecraft:pumpkin":8,"minecraft:cherry_log":1,"minecraft:powder_snow_bucket":12,"minecraft:cooked_mutton":7,"minecraft:water_bucket":49,"minecraft:stone_pickaxe":79,"minecraft:oak_planks":4,"minecraft:wooden_pickaxe":25,"minecraft:salmon":1,"minecraft:crafting_table":12,"minecraft:blast_furnace":3,"minecraft:white_bed":4,"minecraft:bread":38,"minecraft:iron_pickaxe":393,"minecraft:spruce_pressure_plate":2,"minecraft:stone_axe":11,"minecraft:cobblestone":132,"minecraft:cooked_porkchop":12,"minecraft:bucket":81,"minecraft:gray_wool":1},"minecraft:crafted":{"minecraft:oak_planks":64,"minecraft:smooth_stone":3,"minecraft:barrel":1,"minecraft:cooked_chicken":3,"minecraft:furnace":3,"minecraft:blast_furnace":1,"minecraft:stone":3,"minecraft:cooked_mutton":5,"minecraft:spruce_pressure_plate":2,"minecraft:bow":1,"minecraft:iron_boots":1,"minecraft:iron_axe":1,"minecraft:spruce_slab":18,"minecraft:stone_pickaxe":2,"minecraft:chest":2,"minecraft:wheat":234,"minecraft:cooked_beef":5,"minecraft:crafting_table":4,"minecraft:spruce_planks":92,"minecraft:wooden_pickaxe":2,"minecraft:iron_helmet":1,"minecraft:iron_sword":1,"minecraft:bucket":2,"minecraft:stone_axe":1,"minecraft:bread":78,"minecraft:air":0,"minecraft:iron_chestplate":1,"minecraft:charcoal":2,"minecraft:shield":1,"minecraft:stick":104,"minecraft:iron_ingot":92,"minecraft:iron_pickaxe":3,"minecraft:wooden_axe":1,"minecraft:stone_sword":1,"minecraft:snow_block":24,"minecraft:iron_shovel":1,"minecraft:iron_leggings":1,"minecraft:white_bed":1,"minecraft:torch":60},"minecraft:dropped":{"minecraft:water_bucket":1,"minecraft:brown_mushroom":1,"minecraft:wheat_seeds":4,"minecraft:cherry_log":1,"minecraft:crafting_table":1,"minecraft:cobblestone":32,"minecraft:leather":1,"minecraft:stick":1,"minecraft:dirt":1,"minecraft:iron_pickaxe":1,"minecraft:bone":3,"minecraft:gravel":4,"minecraft:stone_axe":1,"minecraft:stone_sword":1,"minecraft:rotten_flesh":12,"minecraft:oak_planks":1,"minecraft:gunpowder":2,"minecraft:spruce_planks":1,"minecraft:andesite":1,"minecraft:spider_eye":2,"minecraft:spruce_slab":12,"minecraft:wooden_pickaxe":5,"minecraft:stone_pickaxe":4},"minecraft:picked_up":{"minecraft:wooden_axe":1,"minecraft:charcoal":2,"minecraft:crafting_table":11,"minecraft:wheat":1,"minecraft:chicken":3,"minecraft:brown_mushroom":14,"minecraft:wooden_pickaxe":5,"minecraft:potion":2,"minecraft:enchanted_book":1,"minecraft:brick":4,"minecraft:polished_deepslate":1,"minecraft:string":14,"minecraft:cooked_salmon":10,"minecraft:spruce_planks":1,"minecraft:beef":17,"minecraft:trial_key":1,"minecraft:iron_pickaxe":1,"minecraft:spruce_slab":6,"minecraft:chest":2,"minecraft:furnace":11,"minecraft:egg":4,"minecraft:raw_iron":156,"minecraft:torch":38,"minecraft:snow_block":24,"minecraft:porkchop":6,"minecraft:cake":1,"minecraft:cherry_log":3,"minecraft:carrot":5,"minecraft:stone_sword":1,"minecraft:arrow":29,"minecraft:rotten_flesh":26,"minecraft:decorated_pot":4,"minecraft:hay_block":51,"minecraft:mutton":9,"minecraft:iron_bars":2,"minecraft:snowball":101,"minecraft:white_wool":6,"minecraft:cobblestone":294,"minecraft:feather":7,"minecraft:cooked_beef":3,"minecraft:andesite":1,"minecraft:water_bucket":1,"minecraft:salmon":23,"minecraft:leather":10,"minecraft:red_mushroom":6,"minecraft:oak_log":23,"minecraft:gunpowder":2,"minecraft:dirt":11,"minecraft:name_tag":2,"minecraft:cooked_mutton":2,"minecraft:bone":21,"minecraft:bow":2,"minecraft:wheat_seeds":8,"minecraft:stone_pickaxe":2,"minecraft:iron_ingot":8,"minecraft:bolt_armor_trim_smithing_template":1,"minecraft:oak_planks":33,"minecraft:cooked_porkchop":12,"minecraft:pumpkin":12,"minecraft:sweet_berries":6,"minecraft:gravel":8,"minecraft:blast_furnace":3,"minecraft:spruce_sapling":1,"minecraft:white_bed":4,"minecraft:spruce_log":74,"minecraft:spider_eye":5,"minecraft:mossy_cobblestone":3,"minecraft:slime_ball":2,"minecraft:cherry_sapling":12,"minecraft:gray_wool":1,"minecraft:emerald":7,"minecraft:oak_sapling":2,"minecraft:coal":77,"minecraft:ender_pearl":1},"minecraft:killed":{"minecraft:armadillo":1,"minecraft:spider":10,"minecraft:skeleton":13,"minecraft:chicken":3,"minecraft:drowned":1,"minecraft:pig":7,"minecraft:salmon":22,"minecraft:creeper":3,"minecraft:sheep":5,"minecraft:zombie":26,"minecraft:cow":6}},"DataVersion":3953}