{"stats":{"minecraft:crafted":{"minecraft:cooked_beef":5,"minecraft:oak_planks":64,"minecraft:crafting_table":2,"minecraft:wooden_pickaxe":2,"minecraft:furnace":3,"minecraft:bucket":2,"minecraft:stone_axe":1,"minecraft:cooked_mutton":5,"minecraft:air":0,"minecraft:charcoal":2,"minecraft:shield":1,"minecraft:stick":24,"minecraft:iron_ingot":10,"minecraft:iron_pickaxe":1,"minecraft:stone_pickaxe":2,"minecraft:wooden_axe":1,"minecraft:stone_sword":1,"minecraft:white_bed":1,"minecraft:torch":16},"minecraft:picked_up":{"minecraft:wooden_axe":1,"minecraft:crafting_table":6,"minecraft:feather":2,"minecraft:chicken":3,"minecraft:leather":5,"minecraft:wooden_pickaxe":2,"minecraft:oak_log":23,"minecraft:dirt":3,"minecraft:cooked_mutton":2,"minecraft:wheat_seeds":4,"minecraft:beef":11,"minecraft:oak_planks":33,"minecraft:egg":3,"minecraft:furnace":4,"minecraft:raw_iron":19,"minecraft:cooked_porkchop":8,"minecraft:pumpkin":8,"minecraft:torch":9,"minecraft:porkchop":4,"minecraft:cherry_log":2,"minecraft:white_bed":4,"minecraft:spider_eye":1,"minecraft:cherry_sapling":6,"minecraft:gray_wool":1,"minecraft:oak_sapling":2,"minecraft:mutton":9,"minecraft:coal":8,"minecraft:white_wool":6,"minecraft:cobblestone":106},"minecraft:custom":{"minecraft:interact_with_furnace":24,"minecraft:mob_kills":19,"minecraft:interact_with_crafting_table":17,"minecraft:leave_game":1,"minecraft:time_since_death":33135,"minecraft:sleep_in_bed":5,"minecraft:time_since_rest":16641,"minecraft:sprint_one_cm":270788,"minecraft:damage_taken":1452,"minecraft:walk_one_cm":76786,"minecraft:damage_blocked_by_shield":61,"minecraft:damage_dealt":1907,"minecraft:player_kills":2,"minecraft:swim_one_cm":30979,"minecraft:fly_one_cm":355149,"minecraft:crouch_one_cm":10955,"minecraft:play_time":54891,"minecraft:deaths":3,"minecraft:sneak_time":3723,"minecraft:walk_under_water_one_cm":9458,"minecraft:jump":1724,"minecraft:walk_on_water_one_cm":14424,"minecraft:total_world_time":54891,"minecraft:fall_one_cm":52094},"minecraft:mined":{"minecraft:white_bed":4,"minecraft:cherry_log":1,"minecraft:crafting_table":5,"minecraft:torch":5,"minecraft:short_grass":39,"minecraft:grass_block":3,"minecraft:tall_grass":7,"minecraft:cobblestone":20,"minecraft:wall_torch":5,"minecraft:furnace":4,"minecraft:iron_ore":19,"minecraft:pumpkin":8,"minecraft:oak_log":18,"minecraft:coal_ore":10,"minecraft:stone":92,"minecraft:oak_leaves":7},"minecraft:killed":{"minecraft:armadillo":1,"minecraft:pig":6,"minecraft:spider":1,"minecraft:sheep":5,"minecraft:chicken":3,"minecraft:cow":3},"minecraft:used":{"minecraft:cooked_mutton":7,"minecraft:water_bucket":9,"minecraft:stone_sword":69,"minecraft:stone_pickaxe":79,"minecraft:oak_planks":4,"minecraft:shield":11,"minecraft:wooden_pickaxe":25,"minecraft:torch":22,"minecraft:dirt":3,"minecraft:mutton":1,"minecraft:crafting_table":5,"minecraft:white_bed":4,"minecraft:wooden_axe":14,"minecraft:lava_bucket":12,"minecraft:iron_pickaxe":44,"minecraft:stone_axe":11,"minecraft:cobblestone":54,"minecraft:furnace":4,"minecraft:cooked_porkchop":2,"minecraft:bucket":23,"minecraft:cooked_beef":3,"minecraft:cherry_log":1,"minecraft:gray_wool":1,"minecraft:pumpkin":8},"minecraft:killed_by":{"minecraft:player":2}},"DataVersion":3953}