{"stats":{"minecraft:crafted":{"minecraft:cooked_beef":5,"minecraft:oak_planks":20,"minecraft:crafting_table":1,"minecraft:stick":4,"minecraft:wooden_pickaxe":1,"minecraft:wooden_axe":1,"minecraft:furnace":1,"minecraft:air":0},"minecraft:picked_up":{"minecraft:wooden_axe":1,"minecraft:crafting_table":3,"minecraft:pumpkin":8,"minecraft:leather":5,"minecraft:wooden_pickaxe":1,"minecraft:oak_log":5,"minecraft:spider_eye":1,"minecraft:dirt":3,"minecraft:beef":11,"minecraft:oak_sapling":2,"minecraft:coal":1,"minecraft:mutton":4,"minecraft:oak_planks":12,"minecraft:egg":3,"minecraft:white_wool":3,"minecraft:cobblestone":14,"minecraft:furnace":1},"minecraft:custom":{"minecraft:time_since_rest":1511,"minecraft:interact_with_furnace":4,"minecraft:sprint_one_cm":161899,"minecraft:damage_taken":619,"minecraft:walk_one_cm":34256,"minecraft:mob_kills":5,"minecraft:damage_dealt":610,"minecraft:interact_with_crafting_table":2,"minecraft:swim_one_cm":3773,"minecraft:fly_one_cm":141890,"minecraft:crouch_one_cm":1312,"minecraft:play_time":19330,"minecraft:deaths":2,"minecraft:sneak_time":279,"minecraft:walk_under_water_one_cm":206,"minecraft:jump":658,"minecraft:walk_on_water_one_cm":1433,"minecraft:time_since_death":1485,"minecraft:total_world_time":19330,"minecraft:fall_one_cm":19036},"minecraft:mined":{"minecraft:furnace":1,"minecraft:pumpkin":8,"minecraft:crafting_table":2,"minecraft:short_grass":1,"minecraft:coal_ore":1,"minecraft:grass_block":3,"minecraft:oak_log":5,"minecraft:stone":14,"minecraft:oak_leaves":7},"minecraft:used":{"minecraft:wooden_axe":14,"minecraft:oak_planks":4,"minecraft:wooden_pickaxe":16,"minecraft:dirt":3,"minecraft:mutton":1,"minecraft:crafting_table":2,"minecraft:furnace":1,"minecraft:cooked_beef":3,"minecraft:pumpkin":8},"minecraft:killed":{"minecraft:sheep":1,"minecraft:spider":1,"minecraft:cow":3},"minecraft:killed_by":{"minecraft:player":1}},"DataVersion":3953}