{"stats":{"minecraft:crafted":{"minecraft:smooth_stone":3,"minecraft:oak_planks":64,"minecraft:cooked_chicken":3,"minecraft:furnace":3,"minecraft:blast_furnace":1,"minecraft:stone":3,"minecraft:cooked_mutton":5,"minecraft:iron_boots":1,"minecraft:iron_axe":1,"minecraft:stone_pickaxe":2,"minecraft:chest":1,"minecraft:cooked_beef":5,"minecraft:crafting_table":3,"minecraft:spruce_planks":48,"minecraft:wooden_pickaxe":2,"minecraft:iron_helmet":1,"minecraft:iron_sword":1,"minecraft:bucket":2,"minecraft:stone_axe":1,"minecraft:air":0,"minecraft:iron_chestplate":1,"minecraft:charcoal":2,"minecraft:shield":1,"minecraft:stick":40,"minecraft:iron_pickaxe":3,"minecraft:iron_ingot":92,"minecraft:wooden_axe":1,"minecraft:stone_sword":1,"minecraft:snow_block":24,"minecraft:iron_shovel":1,"minecraft:iron_leggings":1,"minecraft:white_bed":1,"minecraft:torch":60},"minecraft:picked_up":{"minecraft:wooden_axe":1,"minecraft:charcoal":2,"minecraft:crafting_table":10,"minecraft:chicken":3,"minecraft:brown_mushroom":13,"minecraft:wooden_pickaxe":5,"minecraft:potion":1,"minecraft:beef":11,"minecraft:iron_pickaxe":1,"minecraft:chest":1,"minecraft:furnace":11,"minecraft:egg":3,"minecraft:raw_iron":150,"minecraft:torch":38,"minecraft:porkchop":4,"minecraft:snow_block":24,"minecraft:cherry_log":3,"minecraft:carrot":1,"minecraft:stone_sword":1,"minecraft:arrow":1,"minecraft:hay_block":33,"minecraft:mutton":9,"minecraft:snowball":97,"minecraft:white_wool":6,"minecraft:cobblestone":285,"minecraft:feather":7,"minecraft:andesite":1,"minecraft:water_bucket":1,"minecraft:salmon":22,"minecraft:leather":5,"minecraft:red_mushroom":6,"minecraft:oak_log":23,"minecraft:dirt":3,"minecraft:cooked_mutton":2,"minecraft:bone":2,"minecraft:wheat_seeds":8,"minecraft:iron_ingot":8,"minecraft:stone_pickaxe":2,"minecraft:oak_planks":33,"minecraft:cooked_porkchop":12,"minecraft:pumpkin":12,"minecraft:gravel":8,"minecraft:blast_furnace":3,"minecraft:spruce_sapling":1,"minecraft:white_bed":4,"minecraft:spruce_log":42,"minecraft:spider_eye":1,"minecraft:cherry_sapling":12,"minecraft:gray_wool":1,"minecraft:emerald":7,"minecraft:oak_sapling":2,"minecraft:coal":77},"minecraft:custom":{"minecraft:mob_kills":48,"minecraft:interact_with_crafting_table":36,"minecraft:leave_game":1,"minecraft:time_since_death":93135,"minecraft:sprint_one_cm":433746,"minecraft:walk_one_cm":162301,"minecraft:damage_blocked_by_shield":532,"minecraft:drop":20,"minecraft:talked_to_villager":1,"minecraft:play_time":114891,"minecraft:deaths":3,"minecraft:sneak_time":11334,"minecraft:walk_under_water_one_cm":31584,"minecraft:jump":3135,"minecraft:interact_with_blast_furnace":22,"minecraft:walk_on_water_one_cm":24775,"minecraft:total_world_time":114891,"minecraft:interact_with_furnace":63,"minecraft:sleep_in_bed":5,"minecraft:time_since_rest":76641,"minecraft:damage_taken":2154,"minecraft:damage_dealt":4115,"minecraft:swim_one_cm":69158,"minecraft:fly_one_cm":574073,"minecraft:player_kills":2,"minecraft:open_chest":19,"minecraft:crouch_one_cm":32647,"minecraft:interact_with_smoker":1,"minecraft:fall_one_cm":101972},"minecraft:mined":{"minecraft:white_bed":4,"minecraft:cherry_log":1,"minecraft:grass_block":4,"minecraft:decorated_pot":3,"minecraft:brown_mushroom_block":45,"minecraft:spruce_leaves":7,"minecraft:hay_block":23,"minecraft:furnace":11,"minecraft:iron_ore":110,"minecraft:snow":1,"minecraft:andesite":1,"minecraft:pumpkin":12,"minecraft:stone":203,"minecraft:brown_mushroom":2,"minecraft:snow_block":25,"minecraft:crafting_table":9,"minecraft:torch":23,"minecraft:short_grass":39,"minecraft:blast_furnace":3,"minecraft:emerald_ore":7,"minecraft:chest":1,"minecraft:campfire":1,"minecraft:mushroom_stem":11,"minecraft:cobblestone":36,"minecraft:tall_grass":7,"minecraft:wall_torch":16,"minecraft:seagrass":1,"minecraft:spruce_log":22,"minecraft:birch_leaves":1,"minecraft:coal_ore":61,"minecraft:oak_log":18,"minecraft:dirt":1,"minecraft:red_mushroom_block":31,"minecraft:oak_leaves":8},"minecraft:killed":{"minecraft:armadillo":1,"minecraft:spider":2,"minecraft:skeleton":1,"minecraft:chicken":3,"minecraft:drowned":1,"minecraft:pig":6,"minecraft:salmon":22,"minecraft:creeper":1,"minecraft:sheep":5,"minecraft:zombie":2,"minecraft:cow":3},"minecraft:used":{"minecraft:stone_sword":74,"minecraft:iron_shovel":26,"minecraft:chest":2,"minecraft:shield":25,"minecraft:iron_sword":50,"minecraft:cooked_chicken":3,"minecraft:iron_chestplate":1,"minecraft:torch":87,"minecraft:dirt":3,"minecraft:mutton":1,"minecraft:wooden_axe":14,"minecraft:lava_bucket":13,"minecraft:iron_axe":41,"minecraft:furnace":11,"minecraft:cooked_beef":3,"minecraft:cherry_log":1,"minecraft:pumpkin":8,"minecraft:cooked_mutton":7,"minecraft:water_bucket":36,"minecraft:stone_pickaxe":79,"minecraft:oak_planks":4,"minecraft:wooden_pickaxe":25,"minecraft:crafting_table":10,"minecraft:blast_furnace":3,"minecraft:white_bed":4,"minecraft:iron_pickaxe":365,"minecraft:stone_axe":11,"minecraft:cobblestone":125,"minecraft:cooked_porkchop":12,"minecraft:bucket":51,"minecraft:gray_wool":1},"minecraft:dropped":{"minecraft:water_bucket":1,"minecraft:cherry_log":1,"minecraft:crafting_table":1,"minecraft:cobblestone":32,"minecraft:stick":1,"minecraft:iron_pickaxe":1,"minecraft:stone_axe":1,"minecraft:stone_sword":1,"minecraft:oak_planks":1,"minecraft:andesite":1,"minecraft:stone_pickaxe":4,"minecraft:wooden_pickaxe":5},"minecraft:killed_by":{"minecraft:player":2}},"DataVersion":3953}