{"stats":{"minecraft:crafted":{"minecraft:cooked_beef":5,"minecraft:smooth_stone":3,"minecraft:oak_planks":64,"minecraft:crafting_table":2,"minecraft:spruce_planks":8,"minecraft:iron_helmet":1,"minecraft:wooden_pickaxe":2,"minecraft:cooked_chicken":3,"minecraft:iron_sword":1,"minecraft:furnace":3,"minecraft:blast_furnace":1,"minecraft:stone":3,"minecraft:bucket":2,"minecraft:stone_axe":1,"minecraft:cooked_mutton":5,"minecraft:air":0,"minecraft:iron_boots":1,"minecraft:iron_chestplate":1,"minecraft:charcoal":2,"minecraft:shield":1,"minecraft:iron_axe":1,"minecraft:stick":40,"minecraft:iron_ingot":92,"minecraft:iron_pickaxe":3,"minecraft:stone_pickaxe":2,"minecraft:wooden_axe":1,"minecraft:stone_sword":1,"minecraft:snow_block":24,"minecraft:chest":1,"minecraft:iron_shovel":1,"minecraft:iron_leggings":1,"minecraft:white_bed":1,"minecraft:torch":60},"minecraft:picked_up":{"minecraft:wooden_axe":1,"minecraft:charcoal":2,"minecraft:crafting_table":10,"minecraft:feather":4,"minecraft:water_bucket":1,"minecraft:chicken":3,"minecraft:andesite":1,"minecraft:leather":5,"minecraft:wooden_pickaxe":5,"minecraft:oak_log":23,"minecraft:dirt":3,"minecraft:cooked_mutton":2,"minecraft:bone":2,"minecraft:wheat_seeds":8,"minecraft:iron_ingot":8,"minecraft:stone_pickaxe":2,"minecraft:beef":11,"minecraft:iron_pickaxe":1,"minecraft:chest":1,"minecraft:oak_planks":33,"minecraft:egg":3,"minecraft:furnace":11,"minecraft:raw_iron":150,"minecraft:cooked_porkchop":12,"minecraft:pumpkin":8,"minecraft:torch":38,"minecraft:snow_block":24,"minecraft:gravel":8,"minecraft:porkchop":4,"minecraft:cherry_log":3,"minecraft:spruce_sapling":1,"minecraft:blast_furnace":3,"minecraft:spruce_log":42,"minecraft:white_bed":4,"minecraft:spider_eye":1,"minecraft:stone_sword":1,"minecraft:arrow":1,"minecraft:hay_block":28,"minecraft:cherry_sapling":12,"minecraft:gray_wool":1,"minecraft:emerald":7,"minecraft:oak_sapling":2,"minecraft:mutton":9,"minecraft:coal":77,"minecraft:snowball":97,"minecraft:white_wool":6,"minecraft:cobblestone":285},"minecraft:custom":{"minecraft:interact_with_furnace":63,"minecraft:mob_kills":25,"minecraft:interact_with_crafting_table":35,"minecraft:leave_game":1,"minecraft:time_since_death":81135,"minecraft:sleep_in_bed":5,"minecraft:time_since_rest":64641,"minecraft:sprint_one_cm":378467,"minecraft:damage_taken":1955,"minecraft:walk_one_cm":148130,"minecraft:damage_blocked_by_shield":532,"minecraft:drop":15,"minecraft:damage_dealt":3254,"minecraft:player_kills":2,"minecraft:swim_one_cm":37133,"minecraft:fly_one_cm":511297,"minecraft:open_chest":10,"minecraft:crouch_one_cm":27509,"minecraft:play_time":102891,"minecraft:deaths":3,"minecraft:sneak_time":10155,"minecraft:walk_under_water_one_cm":17225,"minecraft:jump":2893,"minecraft:interact_with_blast_furnace":22,"minecraft:walk_on_water_one_cm":17711,"minecraft:total_world_time":102891,"minecraft:fall_one_cm":91693},"minecraft:mined":{"minecraft:white_bed":4,"minecraft:snow_block":25,"minecraft:cherry_log":1,"minecraft:crafting_table":9,"minecraft:torch":23,"minecraft:short_grass":39,"minecraft:blast_furnace":3,"minecraft:emerald_ore":7,"minecraft:grass_block":3,"minecraft:chest":1,"minecraft:campfire":1,"minecraft:tall_grass":7,"minecraft:cobblestone":36,"minecraft:spruce_leaves":7,"minecraft:wall_torch":16,"minecraft:hay_block":18,"minecraft:furnace":11,"minecraft:snow":1,"minecraft:iron_ore":110,"minecraft:spruce_log":22,"minecraft:andesite":1,"minecraft:pumpkin":8,"minecraft:oak_log":18,"minecraft:coal_ore":61,"minecraft:stone":203,"minecraft:oak_leaves":7},"minecraft:killed":{"minecraft:armadillo":1,"minecraft:pig":6,"minecraft:spider":2,"minecraft:creeper":1,"minecraft:sheep":5,"minecraft:skeleton":1,"minecraft:zombie":2,"minecraft:chicken":3,"minecraft:cow":3},"minecraft:used":{"minecraft:cooked_mutton":7,"minecraft:water_bucket":34,"minecraft:stone_sword":74,"minecraft:iron_shovel":26,"minecraft:stone_pickaxe":79,"minecraft:oak_planks":4,"minecraft:chest":1,"minecraft:shield":25,"minecraft:wooden_pickaxe":25,"minecraft:iron_sword":22,"minecraft:cooked_chicken":3,"minecraft:iron_chestplate":1,"minecraft:torch":87,"minecraft:dirt":3,"minecraft:mutton":1,"minecraft:crafting_table":9,"minecraft:blast_furnace":3,"minecraft:white_bed":4,"minecraft:wooden_axe":14,"minecraft:lava_bucket":13,"minecraft:iron_axe":29,"minecraft:iron_pickaxe":358,"minecraft:stone_axe":11,"minecraft:cobblestone":119,"minecraft:furnace":11,"minecraft:cooked_porkchop":8,"minecraft:bucket":49,"minecraft:cooked_beef":3,"minecraft:cherry_log":1,"minecraft:gray_wool":1,"minecraft:pumpkin":8},"minecraft:dropped":{"minecraft:water_bucket":1,"minecraft:stone_axe":1,"minecraft:stone_sword":1,"minecraft:cobblestone":32,"minecraft:stone_pickaxe":4,"minecraft:wooden_pickaxe":5,"minecraft:iron_pickaxe":1},"minecraft:killed_by":{"minecraft:player":2}},"DataVersion":3953}