{"stats":{"minecraft:crafted":{"minecraft:oak_planks":68,"minecraft:cooked_porkchop":1,"minecraft:crafting_table":1,"minecraft:stick":16,"minecraft:wooden_pickaxe":1,"minecraft:stone_pickaxe":1,"minecraft:wooden_axe":1,"minecraft:furnace":1,"minecraft:torch":4},"minecraft:picked_up":{"minecraft:stick":2,"minecraft:crafting_table":2,"minecraft:porkchop":7,"minecraft:oak_log":17,"minecraft:rotten_flesh":1,"minecraft:mutton":2,"minecraft:coal":11,"minecraft:white_wool":1,"minecraft:cobblestone":20},"minecraft:custom":{"minecraft:time_since_rest":9518,"minecraft:interact_with_furnace":2,"minecraft:sprint_one_cm":20331,"minecraft:damage_taken":155,"minecraft:walk_one_cm":22327,"minecraft:mob_kills":6,"minecraft:damage_dealt":771,"minecraft:interact_with_crafting_table":3,"minecraft:fly_one_cm":14714,"minecraft:crouch_one_cm":233,"minecraft:play_time":9518,"minecraft:sneak_time":371,"minecraft:walk_under_water_one_cm":2934,"minecraft:jump":147,"minecraft:time_since_death":9518,"minecraft:walk_on_water_one_cm":3023,"minecraft:total_world_time":9518,"minecraft:fall_one_cm":4745},"minecraft:mined":{"minecraft:crafting_table":2,"minecraft:short_grass":1,"minecraft:oak_log":17,"minecraft:coal_ore":11,"minecraft:stone":20,"minecraft:oak_leaves":6},"minecraft:used":{"minecraft:wooden_axe":30,"minecraft:stone_pickaxe":27,"minecraft:wooden_pickaxe":4,"minecraft:torch":2,"minecraft:mutton":2,"minecraft:crafting_table":3,"minecraft:furnace":1,"minecraft:cooked_porkchop":1},"minecraft:killed":{"minecraft:sheep":1,"minecraft:zombie":2,"minecraft:pig":3}},"DataVersion":3953}