{"stats":{"minecraft:crafted":{"minecraft:oak_planks":68,"minecraft:iron_chestplate":1,"minecraft:cooked_porkchop":7,"minecraft:shield":1,"minecraft:crafting_table":1,"minecraft:stick":36,"minecraft:wooden_pickaxe":1,"minecraft:stone_pickaxe":1,"minecraft:wooden_axe":1,"minecraft:iron_sword":1,"minecraft:furnace":1,"minecraft:torch":48,"minecraft:stone_axe":1,"minecraft:air":0},"minecraft:picked_up":{"minecraft:raw_iron":3,"minecraft:stick":2,"minecraft:crafting_table":4,"minecraft:feather":2,"minecraft:chicken":1,"minecraft:salmon":1,"minecraft:leather":1,"minecraft:porkchop":10,"minecraft:oak_log":17,"minecraft:diorite":1,"minecraft:bone":3,"minecraft:rotten_flesh":3,"minecraft:beef":2,"minecraft:iron_ingot":11,"minecraft:bone_meal":1,"minecraft:mutton":4,"minecraft:coal":25,"minecraft:white_wool":2,"minecraft:cobblestone":29,"minecraft:furnace":1},"minecraft:custom":{"minecraft:time_since_rest":4740,"minecraft:interact_with_furnace":4,"minecraft:sprint_one_cm":71953,"minecraft:damage_taken":325,"minecraft:walk_one_cm":66087,"minecraft:damage_blocked_by_shield":42,"minecraft:mob_kills":15,"minecraft:damage_dealt":1865,"minecraft:damage_dealt_absorbed":43,"minecraft:talked_to_villager":2,"minecraft:swim_one_cm":14120,"minecraft:interact_with_crafting_table":5,"minecraft:fly_one_cm":83374,"minecraft:open_chest":1,"minecraft:crouch_one_cm":233,"minecraft:play_time":21518,"minecraft:sneak_time":371,"minecraft:walk_under_water_one_cm":4356,"minecraft:jump":428,"minecraft:interact_with_blast_furnace":1,"minecraft:time_since_death":21518,"minecraft:walk_on_water_one_cm":10077,"minecraft:sleep_in_bed":1,"minecraft:total_world_time":21518,"minecraft:fall_one_cm":11495},"minecraft:mined":{"minecraft:furnace":1,"minecraft:iron_ore":3,"minecraft:crafting_table":4,"minecraft:short_grass":8,"minecraft:oak_log":17,"minecraft:coal_ore":26,"minecraft:stone":23,"minecraft:oak_leaves":6},"minecraft:broken":{"minecraft:wooden_axe":1},"minecraft:used":{"minecraft:wooden_axe":39,"minecraft:stone_pickaxe":60,"minecraft:oak_planks":6,"minecraft:shield":1,"minecraft:wooden_pickaxe":4,"minecraft:iron_sword":19,"minecraft:stone_axe":1,"minecraft:white_wool":1,"minecraft:torch":9,"minecraft:cobblestone":1,"minecraft:mutton":2,"minecraft:crafting_table":4,"minecraft:furnace":1,"minecraft:cooked_porkchop":4},"minecraft:killed":{"minecraft:skeleton":2,"minecraft:sheep":2,"minecraft:zombie":2,"minecraft:pig":5,"minecraft:chicken":1,"minecraft:salmon":2,"minecraft:cow":1}},"DataVersion":3953}