{"stats":{"minecraft:crafted":{"minecraft:cooked_cod":8,"minecraft:oak_planks":76,"minecraft:fishing_rod":1,"minecraft:crafting_table":3,"minecraft:wooden_pickaxe":1,"minecraft:iron_helmet":2,"minecraft:iron_sword":2,"minecraft:furnace":2,"minecraft:cooked_salmon":3,"minecraft:birch_planks":92,"minecraft:air":0,"minecraft:shield":2,"minecraft:iron_axe":1,"minecraft:stick":172,"minecraft:iron_ingot":36,"minecraft:iron_pickaxe":3,"minecraft:wooden_axe":1,"minecraft:iron_leggings":1,"minecraft:torch":12},"minecraft:mined":{"minecraft:crafting_table":1,"minecraft:short_grass":2,"minecraft:grass_block":1,"minecraft:furnace":1,"minecraft:birch_log":23,"minecraft:iron_ore":26,"minecraft:coal_ore":12,"minecraft:oak_log":19,"minecraft:dirt":4,"minecraft:cobweb":3,"minecraft:stone":30,"minecraft:oak_leaves":2},"minecraft:dropped":{"minecraft:fishing_rod":1},"minecraft:custom":{"minecraft:interact_with_furnace":13,"minecraft:mob_kills":14,"minecraft:interact_with_crafting_table":19,"minecraft:leave_game":1,"minecraft:time_since_death":27041,"minecraft:climb_one_cm":303,"minecraft:time_since_rest":27065,"minecraft:sprint_one_cm":82371,"minecraft:damage_taken":1473,"minecraft:walk_one_cm":134931,"minecraft:damage_blocked_by_shield":4907,"minecraft:drop":1,"minecraft:damage_dealt":2690,"minecraft:swim_one_cm":2744,"minecraft:fly_one_cm":110482,"minecraft:open_chest":9,"minecraft:crouch_one_cm":261,"minecraft:play_time":50711,"minecraft:deaths":5,"minecraft:sneak_time":78,"minecraft:walk_under_water_one_cm":4475,"minecraft:jump":687,"minecraft:interact_with_blast_furnace":17,"minecraft:walk_on_water_one_cm":4708,"minecraft:total_world_time":50711,"minecraft:fish_caught":14,"minecraft:fall_one_cm":29456},"minecraft:killed":{"minecraft:wolf":2,"minecraft:witch":1,"minecraft:spider":1,"minecraft:creeper":1,"minecraft:skeleton":5,"minecraft:zombie":4},"minecraft:picked_up":{"minecraft:wooden_axe":2,"minecraft:birch_log":23,"minecraft:fishing_rod":1,"minecraft:crafting_table":1,"minecraft:salmon":3,"minecraft:birch_planks":138,"minecraft:oak_log":19,"minecraft:shield":2,"minecraft:gunpowder":2,"minecraft:string":17,"minecraft:dirt":47,"minecraft:pufferfish":3,"minecraft:bone":14,"minecraft:iron_ingot":2,"minecraft:stone_pickaxe":2,"minecraft:iron_sword":2,"minecraft:furnace":1,"minecraft:stick":58,"minecraft:raw_iron":43,"minecraft:torch":22,"minecraft:bowl":1,"minecraft:redstone":5,"minecraft:arrow":12,"minecraft:rotten_flesh":7,"minecraft:iron_helmet":2,"minecraft:oak_sapling":4,"minecraft:coal":34,"minecraft:cod":8,"minecraft:cobblestone":46},"minecraft:killed_by":{"minecraft:player":1,"minecraft:spider":1},"minecraft:used":{"minecraft:stone_pickaxe":49,"minecraft:shield":259,"minecraft:iron_sword":53,"minecraft:cooked_salmon":2,"minecraft:rotten_flesh":2,"minecraft:torch":4,"minecraft:dirt":10,"minecraft:crafting_table":4,"minecraft:wooden_axe":22,"minecraft:iron_axe":21,"minecraft:iron_pickaxe":20,"minecraft:fishing_rod":19,"minecraft:cobblestone":14,"minecraft:cooked_cod":1,"minecraft:oak_sapling":1,"minecraft:furnace":2}},"DataVersion":3953}