{"stats":{"minecraft:crafted":{"minecraft:fishing_rod":1,"minecraft:shield":2,"minecraft:iron_axe":1,"minecraft:crafting_table":2,"minecraft:stick":32,"minecraft:iron_pickaxe":3,"minecraft:iron_helmet":2,"minecraft:wooden_pickaxe":1,"minecraft:iron_ingot":36,"minecraft:wooden_axe":1,"minecraft:iron_sword":2,"minecraft:iron_leggings":1,"minecraft:birch_planks":92,"minecraft:torch":12,"minecraft:air":0},"minecraft:mined":{"minecraft:birch_log":23,"minecraft:iron_ore":26,"minecraft:crafting_table":1,"minecraft:coal_ore":12,"minecraft:cobweb":3,"minecraft:stone":11},"minecraft:dropped":{"minecraft:fishing_rod":1},"minecraft:custom":{"minecraft:time_since_rest":15065,"minecraft:sprint_one_cm":75320,"minecraft:damage_taken":1468,"minecraft:walk_one_cm":117847,"minecraft:damage_blocked_by_shield":4822,"minecraft:mob_kills":11,"minecraft:drop":1,"minecraft:damage_dealt":2339,"minecraft:swim_one_cm":2744,"minecraft:interact_with_crafting_table":17,"minecraft:fly_one_cm":105543,"minecraft:open_chest":9,"minecraft:crouch_one_cm":261,"minecraft:play_time":38711,"minecraft:deaths":5,"minecraft:sneak_time":78,"minecraft:walk_under_water_one_cm":3826,"minecraft:jump":622,"minecraft:interact_with_blast_furnace":17,"minecraft:leave_game":1,"minecraft:time_since_death":15041,"minecraft:walk_on_water_one_cm":3841,"minecraft:climb_one_cm":303,"minecraft:total_world_time":38711,"minecraft:fall_one_cm":28827},"minecraft:killed":{"minecraft:skeleton":4,"minecraft:wolf":1,"minecraft:zombie":4,"minecraft:witch":1,"minecraft:spider":1},"minecraft:picked_up":{"minecraft:wooden_axe":2,"minecraft:birch_log":23,"minecraft:fishing_rod":1,"minecraft:crafting_table":1,"minecraft:raw_iron":43,"minecraft:torch":22,"minecraft:birch_planks":138,"minecraft:gunpowder":1,"minecraft:shield":2,"minecraft:dirt":16,"minecraft:redstone":5,"minecraft:string":17,"minecraft:bone":14,"minecraft:arrow":12,"minecraft:rotten_flesh":7,"minecraft:iron_helmet":2,"minecraft:iron_ingot":2,"minecraft:stone_pickaxe":2,"minecraft:iron_sword":2,"minecraft:coal":34,"minecraft:cobblestone":27},"minecraft:killed_by":{"minecraft:player":1,"minecraft:spider":1},"minecraft:used":{"minecraft:wooden_axe":22,"minecraft:stone_pickaxe":49,"minecraft:shield":256,"minecraft:iron_sword":47,"minecraft:rotten_flesh":2,"minecraft:torch":4,"minecraft:fishing_rod":2,"minecraft:dirt":3,"minecraft:cobblestone":9,"minecraft:crafting_table":3}},"DataVersion":3953}