{"stats":{"minecraft:crafted":{"minecraft:oak_planks":84,"minecraft:cooked_porkchop":7,"minecraft:crafting_table":1,"minecraft:wooden_pickaxe":1,"minecraft:iron_sword":1,"minecraft:furnace":1,"minecraft:stone_axe":1,"minecraft:air":0,"minecraft:oak_boat":1,"minecraft:iron_chestplate":1,"minecraft:shield":1,"minecraft:stick":36,"minecraft:stone_pickaxe":1,"minecraft:wooden_axe":1,"minecraft:torch":48},"minecraft:picked_up":{"minecraft:wooden_axe":1,"minecraft:crafting_table":5,"minecraft:feather":3,"minecraft:cooked_beef":1,"minecraft:chicken":3,"minecraft:salmon":1,"minecraft:leather":9,"minecraft:wooden_pickaxe":1,"minecraft:potato":1,"minecraft:flint":1,"minecraft:oak_log":21,"minecraft:gunpowder":1,"minecraft:bone":4,"minecraft:iron_ingot":11,"minecraft:beef":12,"minecraft:melon_slice":67,"minecraft:egg":4,"minecraft:furnace":2,"minecraft:stick":2,"minecraft:raw_iron":13,"minecraft:torch":1,"minecraft:gravel":1,"minecraft:porkchop":10,"minecraft:diorite":1,"minecraft:spider_eye":1,"minecraft:arrow":2,"minecraft:rotten_flesh":5,"minecraft:bone_meal":1,"minecraft:oak_sapling":1,"minecraft:coal":63,"minecraft:mutton":21,"minecraft:white_wool":11,"minecraft:cobblestone":45},"minecraft:custom":{"minecraft:interact_with_smithing_table":2,"minecraft:interact_with_furnace":4,"minecraft:mob_kills":33,"minecraft:interact_with_crafting_table":6,"minecraft:time_since_death":51518,"minecraft:sleep_in_bed":1,"minecraft:climb_one_cm":1303,"minecraft:time_since_rest":34740,"minecraft:sprint_one_cm":206219,"minecraft:damage_taken":646,"minecraft:walk_one_cm":170280,"minecraft:damage_blocked_by_shield":222,"minecraft:damage_dealt":4599,"minecraft:damage_dealt_absorbed":43,"minecraft:swim_one_cm":22040,"minecraft:talked_to_villager":13,"minecraft:fly_one_cm":281775,"minecraft:player_kills":2,"minecraft:open_chest":19,"minecraft:crouch_one_cm":837,"minecraft:play_time":51518,"minecraft:sneak_time":749,"minecraft:walk_under_water_one_cm":7849,"minecraft:boat_one_cm":9336,"minecraft:jump":1240,"minecraft:interact_with_blast_furnace":1,"minecraft:walk_on_water_one_cm":14183,"minecraft:interact_with_smoker":1,"minecraft:total_world_time":51518,"minecraft:fall_one_cm":29909},"minecraft:mined":{"minecraft:crafting_table":4,"minecraft:glow_lichen":1,"minecraft:short_grass":14,"minecraft:melon":15,"minecraft:furnace":1,"minecraft:iron_ore":13,"minecraft:coal_ore":62,"minecraft:oak_log":21,"minecraft:stone":30,"minecraft:netherrack":4,"minecraft:oak_leaves":7,"minecraft:fern":2},"minecraft:broken":{"minecraft:golden_axe":1,"minecraft:wooden_axe":1},"minecraft:killed":{"minecraft:pig":5,"minecraft:salmon":2,"minecraft:creeper":1,"minecraft:sheep":9,"minecraft:skeleton":4,"minecraft:zombie":4,"minecraft:chicken":3,"minecraft:cow":5},"minecraft:used":{"minecraft:stone_pickaxe":111,"minecraft:oak_planks":30,"minecraft:wooden_pickaxe":4,"minecraft:shield":9,"minecraft:iron_sword":84,"minecraft:white_wool":1,"minecraft:torch":32,"minecraft:mutton":2,"minecraft:crafting_table":6,"minecraft:wooden_axe":39,"minecraft:melon_slice":3,"minecraft:gravel":1,"minecraft:stone_axe":1,"minecraft:cobblestone":25,"minecraft:beef":12,"minecraft:furnace":1,"minecraft:cooked_porkchop":7,"minecraft:oak_boat":1,"minecraft:golden_axe":22,"minecraft:golden_pickaxe":17}},"DataVersion":3953}