{"stats":{"minecraft:crafted":{"minecraft:oak_planks":68,"minecraft:cooked_porkchop":7,"minecraft:crafting_table":1,"minecraft:wooden_pickaxe":1,"minecraft:iron_sword":1,"minecraft:furnace":1,"minecraft:stone_axe":1,"minecraft:air":0,"minecraft:iron_chestplate":1,"minecraft:shield":1,"minecraft:stick":36,"minecraft:stone_pickaxe":1,"minecraft:wooden_axe":1,"minecraft:torch":48},"minecraft:picked_up":{"minecraft:wooden_axe":1,"minecraft:crafting_table":5,"minecraft:feather":3,"minecraft:cooked_beef":1,"minecraft:chicken":3,"minecraft:salmon":1,"minecraft:leather":9,"minecraft:wooden_pickaxe":1,"minecraft:potato":1,"minecraft:flint":1,"minecraft:oak_log":17,"minecraft:gunpowder":1,"minecraft:bone":4,"minecraft:iron_ingot":11,"minecraft:beef":12,"minecraft:egg":4,"minecraft:furnace":2,"minecraft:stick":2,"minecraft:raw_iron":13,"minecraft:torch":1,"minecraft:gravel":1,"minecraft:porkchop":10,"minecraft:diorite":1,"minecraft:spider_eye":1,"minecraft:arrow":2,"minecraft:rotten_flesh":3,"minecraft:bone_meal":1,"minecraft:oak_sapling":1,"minecraft:coal":63,"minecraft:mutton":17,"minecraft:white_wool":9,"minecraft:cobblestone":45},"minecraft:custom":{"minecraft:interact_with_furnace":4,"minecraft:mob_kills":30,"minecraft:interact_with_crafting_table":5,"minecraft:time_since_death":39518,"minecraft:sleep_in_bed":1,"minecraft:time_since_rest":22740,"minecraft:sprint_one_cm":142581,"minecraft:damage_taken":478,"minecraft:walk_one_cm":136203,"minecraft:damage_blocked_by_shield":214,"minecraft:damage_dealt":4043,"minecraft:damage_dealt_absorbed":43,"minecraft:swim_one_cm":14120,"minecraft:talked_to_villager":2,"minecraft:fly_one_cm":196063,"minecraft:player_kills":1,"minecraft:open_chest":4,"minecraft:crouch_one_cm":837,"minecraft:play_time":39518,"minecraft:sneak_time":749,"minecraft:walk_under_water_one_cm":7353,"minecraft:jump":929,"minecraft:interact_with_blast_furnace":1,"minecraft:walk_on_water_one_cm":12782,"minecraft:total_world_time":39518,"minecraft:fall_one_cm":23491},"minecraft:broken":{"minecraft:wooden_axe":1},"minecraft:mined":{"minecraft:crafting_table":4,"minecraft:glow_lichen":1,"minecraft:short_grass":10,"minecraft:furnace":1,"minecraft:iron_ore":13,"minecraft:coal_ore":62,"minecraft:oak_log":17,"minecraft:stone":30,"minecraft:netherrack":4,"minecraft:oak_leaves":7},"minecraft:killed":{"minecraft:pig":5,"minecraft:salmon":2,"minecraft:creeper":1,"minecraft:sheep":7,"minecraft:skeleton":4,"minecraft:zombie":3,"minecraft:chicken":3,"minecraft:cow":5},"minecraft:used":{"minecraft:stone_pickaxe":111,"minecraft:oak_planks":30,"minecraft:wooden_pickaxe":4,"minecraft:shield":7,"minecraft:iron_sword":59,"minecraft:white_wool":1,"minecraft:torch":30,"minecraft:mutton":2,"minecraft:crafting_table":4,"minecraft:wooden_axe":39,"minecraft:gravel":1,"minecraft:stone_axe":1,"minecraft:cobblestone":25,"minecraft:furnace":1,"minecraft:cooked_porkchop":7,"minecraft:golden_axe":11,"minecraft:golden_pickaxe":8}},"DataVersion":3953}