{"stats":{"minecraft:crafted":{"minecraft:cherry_planks":8,"minecraft:oak_planks":116,"minecraft:cooked_porkchop":7,"minecraft:crafting_table":1,"minecraft:iron_helmet":1,"minecraft:wooden_pickaxe":1,"minecraft:iron_sword":1,"minecraft:furnace":1,"minecraft:stone_axe":1,"minecraft:air":0,"minecraft:flint_and_steel":3,"minecraft:oak_boat":1,"minecraft:iron_chestplate":1,"minecraft:shield":2,"minecraft:iron_axe":1,"minecraft:stick":44,"minecraft:iron_ingot":13,"minecraft:stone_pickaxe":1,"minecraft:wooden_axe":2,"minecraft:torch":48},"minecraft:picked_up":{"minecraft:wooden_axe":2,"minecraft:pink_petals":11,"minecraft:crafting_table":5,"minecraft:iron_chestplate":4,"minecraft:feather":3,"minecraft:cooked_beef":5,"minecraft:chicken":6,"minecraft:cherry_planks":4,"minecraft:glow_ink_sac":9,"minecraft:salmon":2,"minecraft:golden_pickaxe":4,"minecraft:leather":18,"minecraft:golden_leggings":4,"minecraft:wooden_pickaxe":6,"minecraft:potato":1,"minecraft:brown_bed":4,"minecraft:flint":10,"minecraft:oak_log":29,"minecraft:shield":3,"minecraft:gunpowder":1,"minecraft:string":2,"minecraft:dirt":7,"minecraft:iron_axe":7,"minecraft:flint_and_steel":4,"minecraft:cooked_mutton":3,"minecraft:bone":8,"minecraft:wheat_seeds":3,"minecraft:iron_ingot":17,"minecraft:beef":20,"minecraft:stone_pickaxe":2,"minecraft:iron_pickaxe":2,"minecraft:light_gray_wool":1,"minecraft:melon_slice":302,"minecraft:oak_planks":2,"minecraft:iron_sword":3,"minecraft:furnace":3,"minecraft:egg":4,"minecraft:raw_iron":13,"minecraft:stick":10,"minecraft:torch":18,"minecraft:gravel":1,"minecraft:porkchop":20,"minecraft:cherry_log":2,"minecraft:lily_of_the_valley":2,"minecraft:diorite":1,"minecraft:white_bed":1,"minecraft:spider_eye":1,"minecraft:arrow":6,"minecraft:rotten_flesh":22,"minecraft:bone_meal":1,"minecraft:cherry_sapling":21,"minecraft:bread":36,"minecraft:oak_sapling":4,"minecraft:mutton":88,"minecraft:coal":295,"minecraft:white_wool":12,"minecraft:cobblestone":45},"minecraft:custom":{"minecraft:interact_with_smithing_table":2,"minecraft:interact_with_furnace":16,"minecraft:mob_kills":40,"minecraft:interact_with_crafting_table":15,"minecraft:leave_game":3,"minecraft:time_since_death":597,"minecraft:sleep_in_bed":3,"minecraft:climb_one_cm":1303,"minecraft:time_since_rest":626,"minecraft:sprint_one_cm":318599,"minecraft:damage_taken":3985,"minecraft:walk_one_cm":312279,"minecraft:damage_blocked_by_shield":1050,"minecraft:drop":5,"minecraft:damage_dealt":7361,"minecraft:damage_dealt_absorbed":43,"minecraft:player_kills":2,"minecraft:swim_one_cm":31900,"minecraft:talked_to_villager":13,"minecraft:fly_one_cm":419117,"minecraft:open_chest":22,"minecraft:crouch_one_cm":3457,"minecraft:play_time":96795,"minecraft:deaths":10,"minecraft:sneak_time":1893,"minecraft:walk_under_water_one_cm":12449,"minecraft:boat_one_cm":21802,"minecraft:jump":1906,"minecraft:interact_with_blast_furnace":1,"minecraft:walk_on_water_one_cm":31920,"minecraft:total_world_time":96795,"minecraft:interact_with_smoker":1,"minecraft:fall_one_cm":49013},"minecraft:broken":{"minecraft:golden_axe":1,"minecraft:iron_axe":1,"minecraft:wooden_axe":1,"minecraft:flint_and_steel":1},"minecraft:mined":{"minecraft:lily_of_the_valley":1,"minecraft:cherry_log":2,"minecraft:cherry_sapling":1,"minecraft:crafting_table":4,"minecraft:glow_lichen":1,"minecraft:short_grass":44,"minecraft:grass_block":1,"minecraft:melon":15,"minecraft:tall_grass":3,"minecraft:oak_planks":1,"minecraft:furnace":1,"minecraft:iron_ore":13,"minecraft:fire":8,"minecraft:brown_bed":2,"minecraft:coal_ore":62,"minecraft:oak_log":29,"minecraft:dirt":4,"minecraft:stone":30,"minecraft:netherrack":4,"minecraft:oak_leaves":7,"minecraft:fern":2},"minecraft:killed":{"minecraft:pig":5,"minecraft:salmon":2,"minecraft:spider":1,"minecraft:creeper":1,"minecraft:sheep":10,"minecraft:skeleton":5,"minecraft:zombie":5,"minecraft:bee":1,"minecraft:chicken":3,"minecraft:enderman":1,"minecraft:villager":1,"minecraft:cow":5},"minecraft:used":{"minecraft:cooked_mutton":2,"minecraft:flint_and_steel":121,"minecraft:stone_pickaxe":111,"minecraft:oak_planks":56,"minecraft:wooden_pickaxe":16,"minecraft:shield":23,"minecraft:iron_sword":144,"minecraft:white_wool":1,"minecraft:torch":32,"minecraft:dirt":3,"minecraft:mutton":2,"minecraft:lily_of_the_valley":2,"minecraft:crafting_table":6,"minecraft:white_bed":1,"minecraft:wooden_axe":52,"minecraft:iron_pickaxe":14,"minecraft:iron_axe":9,"minecraft:melon_slice":20,"minecraft:gravel":1,"minecraft:stone_axe":1,"minecraft:cobblestone":25,"minecraft:beef":14,"minecraft:oak_sapling":1,"minecraft:porkchop":1,"minecraft:furnace":2,"minecraft:cooked_porkchop":7,"minecraft:cooked_beef":3,"minecraft:oak_boat":1,"minecraft:brown_bed":1,"minecraft:golden_axe":22,"minecraft:golden_pickaxe":17},"minecraft:dropped":{"minecraft:cobblestone":6,"minecraft:salmon":1,"minecraft:beef":2,"minecraft:white_wool":6},"minecraft:killed_by":{"minecraft:player":7,"minecraft:zombie":2}},"DataVersion":3953}