{"stats":{"minecraft:used":{"minecraft:wooden_axe":22,"minecraft:stone_pickaxe":41,"minecraft:shield":255,"minecraft:iron_sword":39,"minecraft:rotten_flesh":2,"minecraft:torch":3,"minecraft:cobblestone":9,"minecraft:crafting_table":2},"minecraft:picked_up":{"minecraft:wooden_axe":2,"minecraft:birch_log":23,"minecraft:crafting_table":1,"minecraft:raw_iron":38,"minecraft:torch":21,"minecraft:birch_planks":80,"minecraft:gunpowder":1,"minecraft:shield":2,"minecraft:redstone":5,"minecraft:string":12,"minecraft:bone":13,"minecraft:arrow":12,"minecraft:rotten_flesh":7,"minecraft:iron_helmet":2,"minecraft:iron_ingot":2,"minecraft:stone_pickaxe":2,"minecraft:iron_sword":2,"minecraft:coal":17,"minecraft:cobblestone":25},"minecraft:mined":{"minecraft:birch_log":23,"minecraft:iron_ore":21,"minecraft:crafting_table":1,"minecraft:coal_ore":9,"minecraft:cobweb":3,"minecraft:stone":11},"minecraft:killed_by":{"minecraft:player":1,"minecraft:spider":1},"minecraft:custom":{"minecraft:time_since_rest":1290,"minecraft:sprint_one_cm":41992,"minecraft:damage_taken":1468,"minecraft:walk_one_cm":77647,"minecraft:damage_blocked_by_shield":4744,"minecraft:mob_kills":9,"minecraft:damage_dealt":1933,"minecraft:interact_with_crafting_table":5,"minecraft:fly_one_cm":52471,"minecraft:open_chest":3,"minecraft:play_time":24936,"minecraft:deaths":5,"minecraft:walk_under_water_one_cm":550,"minecraft:jump":311,"minecraft:interact_with_blast_furnace":5,"minecraft:leave_game":1,"minecraft:walk_on_water_one_cm":2032,"minecraft:time_since_death":1266,"minecraft:total_world_time":24936,"minecraft:fall_one_cm":21994},"minecraft:killed":{"minecraft:skeleton":3,"minecraft:zombie":4,"minecraft:witch":1,"minecraft:spider":1},"minecraft:crafted":{"minecraft:shield":1,"minecraft:crafting_table":1,"minecraft:stick":8,"minecraft:wooden_pickaxe":1,"minecraft:iron_ingot":8,"minecraft:iron_helmet":1,"minecraft:wooden_axe":1,"minecraft:iron_sword":1,"minecraft:torch":12,"minecraft:birch_planks":92}},"DataVersion":3953}