{"stats":{"minecraft:picked_up":{"minecraft:birch_log":21},"minecraft:used":{"minecraft:wooden_axe":17,"minecraft:crafting_table":1},"minecraft:mined":{"minecraft:birch_log":21},"minecraft:custom":{"minecraft:jump":9,"minecraft:time_since_rest":1716,"minecraft:sprint_one_cm":1215,"minecraft:play_time":1716,"minecraft:time_since_death":1716,"minecraft:walk_one_cm":2364,"minecraft:total_world_time":1716,"minecraft:interact_with_crafting_table":1,"minecraft:fly_one_cm":859},"minecraft:crafted":{"minecraft:birch_planks":16,"minecraft:crafting_table":1,"minecraft:stick":8,"minecraft:wooden_pickaxe":1,"minecraft:wooden_axe":1}},"DataVersion":3953}