{"stats":{"minecraft:crafted":{"minecraft:cherry_planks":8,"minecraft:oak_planks":84,"minecraft:cooked_porkchop":7,"minecraft:crafting_table":1,"minecraft:wooden_pickaxe":1,"minecraft:iron_helmet":1,"minecraft:iron_sword":1,"minecraft:furnace":1,"minecraft:stone_axe":1,"minecraft:air":0,"minecraft:flint_and_steel":3,"minecraft:oak_boat":1,"minecraft:iron_chestplate":1,"minecraft:shield":2,"minecraft:iron_axe":1,"minecraft:stick":36,"minecraft:iron_ingot":13,"minecraft:stone_pickaxe":1,"minecraft:wooden_axe":1,"minecraft:torch":48},"minecraft:picked_up":{"minecraft:wooden_axe":2,"minecraft:pink_petals":11,"minecraft:iron_chestplate":2,"minecraft:crafting_table":5,"minecraft:feather":3,"minecraft:cooked_beef":5,"minecraft:chicken":6,"minecraft:glow_ink_sac":3,"minecraft:salmon":2,"minecraft:golden_pickaxe":2,"minecraft:leather":18,"minecraft:golden_leggings":2,"minecraft:wooden_pickaxe":4,"minecraft:potato":1,"minecraft:brown_bed":4,"minecraft:flint":7,"minecraft:oak_log":21,"minecraft:shield":1,"minecraft:gunpowder":1,"minecraft:dirt":5,"minecraft:string":2,"minecraft:iron_axe":3,"minecraft:flint_and_steel":4,"minecraft:cooked_mutton":3,"minecraft:bone":8,"minecraft:wheat_seeds":1,"minecraft:iron_ingot":15,"minecraft:beef":20,"minecraft:stone_pickaxe":2,"minecraft:iron_pickaxe":2,"minecraft:light_gray_wool":1,"minecraft:melon_slice":214,"minecraft:iron_sword":2,"minecraft:egg":4,"minecraft:furnace":3,"minecraft:stick":5,"minecraft:raw_iron":13,"minecraft:torch":18,"minecraft:gravel":1,"minecraft:porkchop":16,"minecraft:cherry_log":2,"minecraft:diorite":1,"minecraft:spider_eye":1,"minecraft:arrow":6,"minecraft:rotten_flesh":20,"minecraft:cherry_sapling":6,"minecraft:bone_meal":1,"minecraft:bread":36,"minecraft:oak_sapling":1,"minecraft:mutton":75,"minecraft:coal":165,"minecraft:white_wool":12,"minecraft:cobblestone":45},"minecraft:custom":{"minecraft:interact_with_smithing_table":2,"minecraft:interact_with_furnace":15,"minecraft:mob_kills":38,"minecraft:interact_with_crafting_table":13,"minecraft:leave_game":1,"minecraft:time_since_death":5457,"minecraft:sleep_in_bed":3,"minecraft:climb_one_cm":1303,"minecraft:time_since_rest":5484,"minecraft:sprint_one_cm":301832,"minecraft:damage_taken":2265,"minecraft:walk_one_cm":252889,"minecraft:damage_blocked_by_shield":690,"minecraft:drop":5,"minecraft:damage_dealt":6097,"minecraft:damage_dealt_absorbed":43,"minecraft:player_kills":2,"minecraft:swim_one_cm":31900,"minecraft:talked_to_villager":13,"minecraft:fly_one_cm":386246,"minecraft:open_chest":22,"minecraft:crouch_one_cm":850,"minecraft:play_time":75489,"minecraft:deaths":3,"minecraft:sneak_time":753,"minecraft:walk_under_water_one_cm":11302,"minecraft:boat_one_cm":21802,"minecraft:jump":1709,"minecraft:interact_with_blast_furnace":1,"minecraft:walk_on_water_one_cm":20867,"minecraft:total_world_time":75489,"minecraft:interact_with_smoker":1,"minecraft:fall_one_cm":43023},"minecraft:broken":{"minecraft:golden_axe":1,"minecraft:wooden_axe":1,"minecraft:flint_and_steel":1},"minecraft:mined":{"minecraft:cherry_log":2,"minecraft:cherry_sapling":1,"minecraft:crafting_table":4,"minecraft:glow_lichen":1,"minecraft:short_grass":23,"minecraft:grass_block":1,"minecraft:melon":15,"minecraft:furnace":1,"minecraft:iron_ore":13,"minecraft:fire":3,"minecraft:brown_bed":2,"minecraft:oak_log":21,"minecraft:coal_ore":62,"minecraft:dirt":4,"minecraft:stone":30,"minecraft:netherrack":4,"minecraft:oak_leaves":7,"minecraft:fern":2},"minecraft:killed":{"minecraft:pig":5,"minecraft:salmon":2,"minecraft:spider":1,"minecraft:creeper":1,"minecraft:skeleton":5,"minecraft:sheep":10,"minecraft:zombie":4,"minecraft:bee":1,"minecraft:chicken":3,"minecraft:villager":1,"minecraft:cow":5},"minecraft:used":{"minecraft:cooked_mutton":2,"minecraft:flint_and_steel":116,"minecraft:stone_pickaxe":111,"minecraft:oak_planks":30,"minecraft:wooden_pickaxe":4,"minecraft:shield":19,"minecraft:iron_sword":134,"minecraft:white_wool":1,"minecraft:torch":32,"minecraft:dirt":3,"minecraft:mutton":2,"minecraft:crafting_table":6,"minecraft:wooden_axe":39,"minecraft:iron_axe":3,"minecraft:iron_pickaxe":14,"minecraft:melon_slice":18,"minecraft:gravel":1,"minecraft:stone_axe":1,"minecraft:cobblestone":25,"minecraft:beef":14,"minecraft:porkchop":1,"minecraft:furnace":2,"minecraft:cooked_porkchop":7,"minecraft:cooked_beef":3,"minecraft:oak_boat":1,"minecraft:golden_pickaxe":17,"minecraft:brown_bed":1,"minecraft:golden_axe":22},"minecraft:dropped":{"minecraft:cobblestone":6,"minecraft:salmon":1,"minecraft:beef":2,"minecraft:white_wool":6},"minecraft:killed_by":{"minecraft:player":3}},"DataVersion":3953}