{"stats":{"minecraft:crafted":{"minecraft:cooked_cod":8,"minecraft:oak_planks":76,"minecraft:fishing_rod":1,"minecraft:crafting_table":3,"minecraft:wooden_pickaxe":1,"minecraft:iron_helmet":2,"minecraft:iron_sword":2,"minecraft:furnace":2,"minecraft:cooked_salmon":3,"minecraft:birch_planks":92,"minecraft:air":0,"minecraft:shield":2,"minecraft:iron_axe":1,"minecraft:stick":172,"minecraft:iron_ingot":36,"minecraft:iron_pickaxe":3,"minecraft:wooden_axe":1,"minecraft:iron_leggings":1,"minecraft:torch":12},"minecraft:mined":{"minecraft:crafting_table":1,"minecraft:short_grass":2,"minecraft:grass_block":1,"minecraft:furnace":1,"minecraft:birch_log":23,"minecraft:iron_ore":26,"minecraft:coal_ore":12,"minecraft:oak_log":19,"minecraft:dirt":4,"minecraft:cobweb":3,"minecraft:stone":30,"minecraft:oak_leaves":2},"minecraft:dropped":{"minecraft:iron_sword":1,"minecraft:fishing_rod":1},"minecraft:custom":{"minecraft:interact_with_furnace":13,"minecraft:mob_kills":28,"minecraft:interact_with_crafting_table":19,"minecraft:leave_game":1,"minecraft:time_since_death":39041,"minecraft:climb_one_cm":399,"minecraft:time_since_rest":39065,"minecraft:sprint_one_cm":97775,"minecraft:damage_taken":1792,"minecraft:walk_one_cm":162542,"minecraft:damage_blocked_by_shield":4927,"minecraft:drop":2,"minecraft:damage_dealt":4779,"minecraft:swim_one_cm":94627,"minecraft:fly_one_cm":130805,"minecraft:open_chest":9,"minecraft:crouch_one_cm":261,"minecraft:play_time":62711,"minecraft:deaths":5,"minecraft:sneak_time":386,"minecraft:walk_under_water_one_cm":29042,"minecraft:jump":801,"minecraft:interact_with_blast_furnace":17,"minecraft:walk_on_water_one_cm":23138,"minecraft:total_world_time":62711,"minecraft:fish_caught":14,"minecraft:fall_one_cm":32221},"minecraft:killed":{"minecraft:wolf":3,"minecraft:witch":1,"minecraft:zombie_villager":1,"minecraft:spider":4,"minecraft:creeper":1,"minecraft:skeleton":5,"minecraft:zombie":10,"minecraft:chicken":2,"minecraft:cow":1},"minecraft:picked_up":{"minecraft:wooden_axe":2,"minecraft:birch_log":23,"minecraft:fishing_rod":1,"minecraft:crafting_table":1,"minecraft:feather":3,"minecraft:chicken":2,"minecraft:salmon":3,"minecraft:leather":1,"minecraft:birch_planks":138,"minecraft:oak_log":19,"minecraft:shield":2,"minecraft:gunpowder":2,"minecraft:string":17,"minecraft:dirt":47,"minecraft:pufferfish":3,"minecraft:bone":15,"minecraft:beef":3,"minecraft:iron_ingot":2,"minecraft:stone_pickaxe":2,"minecraft:iron_sword":3,"minecraft:furnace":1,"minecraft:stick":58,"minecraft:raw_iron":43,"minecraft:torch":22,"minecraft:bowl":1,"minecraft:carrot":1,"minecraft:redstone":5,"minecraft:spider_eye":2,"minecraft:arrow":13,"minecraft:rotten_flesh":14,"minecraft:iron_helmet":2,"minecraft:oak_sapling":4,"minecraft:coal":34,"minecraft:cod":8,"minecraft:cobblestone":46},"minecraft:killed_by":{"minecraft:player":1,"minecraft:spider":1},"minecraft:used":{"minecraft:stone_pickaxe":49,"minecraft:shield":260,"minecraft:iron_sword":96,"minecraft:cooked_salmon":2,"minecraft:rotten_flesh":2,"minecraft:torch":4,"minecraft:dirt":10,"minecraft:crafting_table":4,"minecraft:wooden_axe":22,"minecraft:iron_axe":23,"minecraft:iron_pickaxe":20,"minecraft:fishing_rod":19,"minecraft:cobblestone":14,"minecraft:cooked_cod":5,"minecraft:oak_sapling":1,"minecraft:furnace":2}},"DataVersion":3953}