{"stats":{"minecraft:used":{"minecraft:wooden_axe":22,"minecraft:stone_pickaxe":41,"minecraft:shield":78,"minecraft:iron_sword":22,"minecraft:rotten_flesh":2,"minecraft:torch":3,"minecraft:cobblestone":5,"minecraft:crafting_table":2},"minecraft:picked_up":{"minecraft:birch_log":23,"minecraft:crafting_table":1,"minecraft:raw_iron":19,"minecraft:torch":1,"minecraft:bone":3,"minecraft:arrow":4,"minecraft:rotten_flesh":3,"minecraft:coal":10,"minecraft:cobblestone":15},"minecraft:mined":{"minecraft:birch_log":23,"minecraft:iron_ore":21,"minecraft:crafting_table":1,"minecraft:coal_ore":9,"minecraft:stone":11},"minecraft:custom":{"minecraft:time_since_rest":13716,"minecraft:sprint_one_cm":17191,"minecraft:damage_taken":236,"minecraft:walk_one_cm":50154,"minecraft:damage_blocked_by_shield":1729,"minecraft:mob_kills":5,"minecraft:damage_dealt":1293,"minecraft:interact_with_crafting_table":5,"minecraft:fly_one_cm":19892,"minecraft:open_chest":3,"minecraft:play_time":13716,"minecraft:walk_under_water_one_cm":550,"minecraft:jump":151,"minecraft:interact_with_blast_furnace":5,"minecraft:walk_on_water_one_cm":545,"minecraft:time_since_death":13716,"minecraft:total_world_time":13716,"minecraft:fall_one_cm":3525},"minecraft:killed":{"minecraft:skeleton":2,"minecraft:zombie":3},"minecraft:crafted":{"minecraft:shield":1,"minecraft:crafting_table":1,"minecraft:stick":8,"minecraft:wooden_pickaxe":1,"minecraft:iron_ingot":8,"minecraft:iron_helmet":1,"minecraft:wooden_axe":1,"minecraft:iron_sword":1,"minecraft:torch":12,"minecraft:birch_planks":92}},"DataVersion":3953}