{
  "nmr:technical/setup_player_bossbar": {
    "criteria": {
      "requirement": "2024-08-05 19:55:47 +0000"
    },
    "done": true
  },
  "village_hero:about_village_hero_plus": {
    "criteria": {
      "requirement": "2024-08-05 19:55:47 +0000"
    },
    "done": true
  },
  "minecraft:recipes/decorations/crafting_table": {
    "criteria": {
      "unlock_right_away": "2024-08-05 19:55:47 +0000"
    },
    "done": true
  },
  "pk_waystones:events/once/prepare": {
    "criteria": {
      "requirement": "2024-08-05 19:55:47 +0000"
    },
    "done": true
  },
  "minecraft:adventure/adventuring_time": {
    "criteria": {
      "minecraft:forest": "2024-08-05 19:55:47 +0000"
    },
    "done": false
  },
  "nmr:progression/root": {
    "criteria": {
      "requirement": "2024-08-05 19:55:47 +0000"
    },
    "done": true
  },
  "global:not_blue": {
    "criteria": {
      "requirement": "2024-08-05 19:55:47 +0000"
    },
    "done": true
  },
  "global:root": {
    "criteria": {
      "requirement": "2024-08-05 19:55:47 +0000"
    },
    "done": true
  },
  "DataVersion": 3953
}